Cell,ATF3(+),FOXA2(+),FOXJ3(+),GATA4(+),GATA6(+),HNF1A(+),HNF1B(+),JUN(+),KLF6(+),NFE2L2(+),RUNX3(+),RXRA(+),RXRB(+),TCF7L2(+),TEAD1(+),TEAD4(+)
TTGCGTCTCGCGTGAC-55,0.0,0.0,0.11861679118408815,0.0,0.0,0.11844936014079611,0.019286864414423965,0.09198958518652428,0.06647804719339799,0.025913765902793585,0.0,0.01781696136545092,0.0,0.0,0.25938158815120504,0.05119447669515705
TTTGTTGTCCGTTTCG-7,0.2604526912432547,0.0,0.01349644643155915,0.0,0.0,0.05735978793304585,0.008702132904474412,0.0,0.06470001701360323,0.0442745902842737,0.0,0.06038931061415939,0.0,0.05522524260275663,0.08440765575429911,0.0
CCGGACATCCATCCGT-14,0.0,0.0,0.0,0.0,0.0,0.0,0.11490647588613852,0.0,0.03441830603112165,0.03386247996529275,0.0,0.0152716811703865,0.0,0.0,0.0710872459253082,0.0
CACAACAGTTGTTGCA-55,0.0,0.0,0.0,0.010955644373417488,0.027500121254839725,0.2741854224718422,0.0,0.057493490741577676,0.09452442866592578,0.12356290763481198,0.0,0.04056923256150087,0.0,0.06573498022616198,0.2702474830716063,0.0
GAAATGACATTGCTGA-57,0.026714576629053535,0.0,0.019702423444865242,0.0,0.0,0.05265601996548407,0.0010506733476745688,0.0,0.01659294216334481,0.08992282176654151,0.0,0.02824825432701972,0.0,0.0,0.11254354100573215,0.0
AGGTCATCATTGAGCT-14,0.0,0.0,0.0,0.00852105673488027,0.021388983198208672,0.11455795696401413,0.0,0.0,0.08548246635461332,0.13132046635438657,0.0,0.04173496832809168,0.0,0.051127206842570425,0.19291330949064872,0.0
GATCCCTAGCACTCTA-1,0.0,0.0,0.0,0.00121729381926861,0.0030555690283155246,0.011663992069369515,0.013053199356711617,0.0,0.03152505372964331,0.046785714105945814,0.0,0.004507692506833431,0.0,0.007303886691795775,0.010740299868361048,0.0
GTTCTATGTCCCAAAT-14,0.0,0.0,0.20539919627185244,0.007303762915611659,0.02188975276862406,0.12263997238170118,0.007354713433721982,0.0,0.06993001167867752,0.17505918358260608,0.0,0.05657842260036312,0.0,0.0639827063342152,0.17698534021589843,0.0
TTATTGCTCCATGAGT-1,0.0,0.0,0.0,0.0,0.0,0.05923802246116958,0.0,0.0,0.04443765273636553,0.12807430784524299,0.0,0.048782194094220285,0.0,0.0,0.22139447819852626,0.0
GGGAGATGTTAAGGAT-7,0.0,0.0,0.0,0.0,0.0,0.03291001247842754,0.004351066452237206,0.0,0.07034018109613593,0.03239220737849199,0.0,0.042372381490529576,0.0,0.08822623555293292,0.0703397131285826,0.0
GGTCACGGTGGACCAA-58,0.0,0.4225476481613308,0.16700064653429897,0.0950788638144847,0.0,0.0,0.00919320742365638,0.0,0.02912467307192254,0.0,0.0,0.035205487691006766,0.0,0.049014575307184956,0.0,0.01706482556505235
AGCGATTTCTGCTAGA-7,0.26008544857631694,0.0,0.0985121172243262,0.0,0.0,0.07240271278299404,0.0052533667383728435,0.08354777945805675,0.14152041524612555,0.08593965324561341,0.0,0.013382387794069181,0.0,0.04908910453578367,0.11011633331279817,0.0
TTTGATCAGAGAATCT-49,0.0,0.0,0.0985121172243262,0.010955644373417488,0.027500121254839725,0.14564740001676932,0.022657632547321668,0.0,0.1299116447450659,0.11708446615911358,0.0,0.04056923256150087,0.0,0.08729457203474988,0.18107035456954854,0.0
AAGCGTTCACATCCCT-57,0.0,0.0,0.20027771166349334,0.00973835055414888,0.024444552226524197,0.10755459829210245,0.008553759842935481,0.011498698148315535,0.09686280087974226,0.1181588660306816,0.0,0.07109675769574704,0.0,0.0584310935343662,0.10094423612215664,0.0
TGTCCTGTCACGACTA-55,0.0,0.0,0.11821454066919145,0.00121729381926861,0.0030555690283155246,0.011663992069369515,0.04632126106919503,0.0,0.10307788620518975,0.008690424144991467,0.0,0.004507692506833431,0.30246645944329864,0.046515546937543735,0.010740299868361048,0.010812022421668186
GGGACTCAGGTATTGA-59,0.0,0.29041681734040076,0.15761938755892194,0.05959266006530409,0.015172678637103558,0.0023589128366612506,0.00840538678139655,0.0,0.014561221982437715,0.0,0.0,0.027382045981894153,0.0,0.01476615697105687,0.0,0.0
TTTAGTCTCTGAACGT-60,0.012856530834417455,0.0,0.07270920605060573,0.0,0.0,0.0,0.022000500783784814,0.0,0.03018072285833937,0.028762418517390993,0.0,0.05755443151048593,0.0,0.0,0.0,0.04266206391263088
CAGTTAGTCATCACCC-56,0.11575675166366875,0.29041681734040076,0.0,0.05959266006530409,0.0,0.007941232426192352,0.0337787467734053,0.0,0.05636245025350422,0.0,0.0,0.09857645880288178,0.0,0.024544552267891834,0.0355436229626541,0.0
GCGGATCTCCAGTGTA-1,0.0,0.0,0.0,0.0,0.0,0.04607401746979856,0.0,0.0,0.014518824392926706,0.07921157029518154,0.0,0.0010953366391373116,0.002408283311297088,0.0,0.09847559838001563,0.0
CTCCCAAAGATGAACT-1,0.026714576629053535,0.0,0.07880969377946097,0.010955644373417488,0.027500121254839725,0.13788594110275318,0.004202693390698275,0.0,0.09037619312508957,0.14023569465304636,0.0,0.04763129614325581,0.0,0.06573498022616198,0.167002411943832,0.0
AGTTAGCAGCCATTCA-1,0.0,0.0,0.04048933929467745,0.00973835055414888,0.024444552226524197,0.1393859540247547,0.0,0.0,0.11462683398296493,0.15525092765114845,0.0,0.08533947396363234,0.014449699867782528,0.0584310935343662,0.2910288662148663,0.0
CCTGTTGTCCACAAGT-1,0.0,0.0,0.06748223215779575,0.010955644373417488,0.048838152847225196,0.11155793112001114,0.006526599678355808,0.0,0.11916808591789704,0.14755662470523337,0.0,0.19023947554747708,0.0,0.1866912973268053,0.20551363600804354,0.0
CTTCTCTAGACTTGTC-10,0.17363512749550314,0.0,0.031365743923361264,0.0023412253707310537,0.0,0.011911848639288528,0.0,0.0,0.02477663264128329,0.029629669969631157,0.0,0.06355857223579438,0.0,0.03681682840183775,0.0,0.0
GCAGCTGGTAGGTACG-1,0.0,0.0,0.031365743923361264,0.01383613501566437,0.03759910628820219,0.026328009982742036,0.0,0.0,0.027624415683624372,0.07448226947089165,0.0,0.01933167438948721,0.0,0.0,0.12735901642817427,0.027834852961124045
TCGGGTGCATGCCGAC-57,0.2315135033273375,0.37339305086622954,0.08725104726072688,0.0802710158274825,0.009166707084946574,0.09507847423024057,0.005515481969803192,0.011498698148315535,0.07007463379813458,0.07839728968888279,0.0,0.056848551649708465,0.0,0.12130647883120943,0.11758244990893399,0.05119447669515705
AATGACCTCGATTGAC-10,0.17363512749550314,0.0,0.0539857857262366,0.004143825532682427,0.0030555690283155246,0.023575840708658043,0.0,0.06266083459354256,0.08029318477750721,0.06921473204344142,0.0,0.030115691192865134,0.0,0.04412071509363352,0.010740299868361048,0.0
CTTCCTTGTGACCGTC-57,0.0,0.16595246705165756,0.18650886126555477,0.04500859298216268,0.027500121254839725,0.15673982136297848,0.020875640905340782,0.034496094444946605,0.13968441627975764,0.09117070025631999,0.0,0.0562161159797261,0.0,0.06573498022616198,0.16986409559248722,0.04266206391263088
TGCTTCGGTCGCATGC-55,0.0,0.0,0.2396825585532238,0.0,0.0,0.05265601996548407,0.006304040086047412,0.0,0.023035590363995464,0.121627054654645,0.014348340893122457,0.04012577803120843,0.0,0.0,0.13623928964750154,0.0
CCTGTTGCATGTTTGG-14,0.0,0.0,0.0,0.004097144398779343,0.0,0.013652933527981017,0.010877666130593015,0.011498698148315535,0.06241609067182777,0.0,0.0,0.02290752175557975,0.0,0.0,0.12165270606323055,0.0
AGTGTTGTCGGACTGC-1,0.0,0.0,0.0539857857262366,0.00973835055414888,0.024444552226524197,0.09989393905064163,0.013053199356711617,0.0,0.0958257526012829,0.1359839351604112,0.0,0.06381272755244938,0.0,0.0584310935343662,0.0999903415726049,0.0
GGTAGAGAGAGTCACG-14,0.07713918500650474,0.0,0.15245880532417783,0.0,0.0,0.0,0.07377188428651511,0.0,0.016106620501626638,0.05297165185184749,0.0,0.012726400975322086,0.0,0.0,0.059239371604423496,0.02799405314152891
ACCCTTGCAAGCAGGT-57,0.0,0.0,0.04362552363036344,0.0,0.07285639178560781,0.0,0.002757740984901596,0.0,0.0,0.0,0.0,0.07121278468265918,0.0,0.07157507372560004,0.0,0.04505887870658126
ACGGTCGAGAGGTGCT-55,0.14469593957958593,0.0,0.18858979751122537,0.010955644373417488,0.027500121254839725,0.17885250981386994,0.004202693390698275,0.011498698148315535,0.11724574030407996,0.13004134911051038,0.0,0.04056923256150087,0.0,0.09641567056102678,0.22422807699624983,0.0
CCACGTTAGGTACCTT-53,0.0,0.0,0.04048933929467745,0.00608646909634305,0.015277845141577623,0.0594994167651782,0.0,0.0,0.05172816892066277,0.08929361498483845,0.0,0.062465122741546746,0.0,0.03651943345897887,0.053701499341805244,0.0
GAGTTGTTCTAGGCAT-7,0.0,0.0,0.0539857857262366,0.00243458763853722,0.006111138056631049,0.06128433860482682,0.010877666130593015,0.0,0.08767441134071194,0.05843193843741139,0.0,0.03985827402453319,0.0,0.01460777338359155,0.24295989082426434,0.0
TGTAAGCCAAGTATCC-53,0.0,0.0,0.0985121172243262,0.010955644373417488,0.027500121254839725,0.10497592862432564,0.007428899964491446,0.0,0.09344216693126747,0.1479821518688806,0.0,0.08319704551522294,0.014449699867782528,0.06573498022616198,0.1322063217779035,0.0
GGAGATGAGCTCAGAG-49,0.0,0.0,0.029083682420242295,0.0,0.0035563385987309112,0.0,0.059149177365532095,0.0,0.0,0.005974109795699196,0.0,0.010068257758762765,0.0,0.05609203919775372,0.0,0.034364061439721455
TGAGCATGTGTTCAGT-14,0.0,0.0,0.11821454066919145,0.0,0.0,0.05442520459298002,0.021532772668877632,0.0,0.06680728755252135,0.08992282176654151,0.0,0.04549143868903232,0.0,0.0,0.15993503828927094,0.0
CCCTAACGTCATCAGT-9,0.0,0.0,0.12146801788403234,0.00852105673488027,0.04272701479059414,0.0816479444855866,0.0,0.0,0.06222658110122149,0.1453131006598853,0.0,0.148184802486755,0.0,0.17208352394321375,0.07518209907852733,0.0
GAGAAATGTCTATGAC-55,0.0,0.0,0.18355629538985804,0.0,0.0,0.0,0.06305289598962163,0.02962980431315816,0.0,0.03836217834067458,0.0,0.04255991718901308,0.22684984458247398,0.0,0.0,0.0790713246818776
TTTGTTGTCGCGGACT-55,0.0,0.0,0.15761938755892194,0.00608646909634305,0.015277845141577623,0.06961398103816735,0.027685322203865634,0.011498698148315535,0.07904350522111192,0.043452120724957334,0.06539315317897595,0.0266505624823369,0.0,0.03651943345897887,0.06872333651707349,0.019461640359002733
CCTATCGAGGAAACGA-1,0.0,0.0,0.0,0.00852105673488027,0.021388983198208672,0.10856568267749397,0.0,0.0,0.07416335767850334,0.1248420248786882,0.0,0.08805035620187347,0.0,0.051127206842570425,0.1314538695813934,0.0
CCTTCAGAGGTGCCAA-1,0.0,0.0,0.0,0.0,0.0,0.05923802246116958,0.017404265808948823,0.0,0.04884778279210228,0.08793564325091673,0.0,0.006572019834823871,0.014449699867782528,0.0,0.12661148363144867,0.0
TGCTTCGAGGGCGAAG-7,0.2604526912432547,0.0,0.0,0.0,0.0,0.06394179042873137,0.002175533226118603,0.0,0.07156298421377069,0.07921157029518154,0.0,0.012726400975322086,0.0,0.05522524260275663,0.15771496998443915,0.0
AAGGTAAGTTTGTTGG-1,0.0,0.0,0.0809786785893549,0.01271156340146578,0.027500121254839725,0.13788594110275318,0.0,0.0,0.09037619312508957,0.17265934323354626,0.0,0.0639260443222206,0.0,0.06573498022616198,0.167002411943832,0.0
CGTAGTACAATAGAGT-59,0.0,0.0,0.13791696411405668,0.0,0.0,0.0,0.007354713433721982,0.0,0.0,0.0,0.0,0.05649650865403944,0.0,0.0,0.0,0.0
TGGTGATGTTACAGCT-9,0.0,0.0,0.14008594892395063,0.0005853063426827634,0.0,0.0,0.003152020043023706,0.0,0.012885296401301313,0.03242364858049991,0.0,0.033537932540977394,0.0,0.0,0.047391497283538794,0.0
CTGTCGTTCAACCTTT-51,0.0,0.0,0.13791696411405668,0.010955644373417488,0.031056459853570632,0.15763194858980972,0.007354713433721982,0.0,0.11592649103829583,0.13601545890620959,0.0,0.06590917149065015,0.0,0.08589436640960253,0.28029348574628976,0.0
GGTGTCGCAGGCCTGT-14,0.17363512749550314,0.0,0.0,0.00486917527707444,0.012222276113262098,0.09147782939519414,0.0,0.0,0.07714791603757959,0.1010163839237506,0.0,0.08667990265325694,0.0,0.06603237516902086,0.13699666124379617,0.0
GCTCAAATCTCAGTCC-9,0.06678644157263383,0.0,0.05290129332128963,0.004682450741462107,0.0,0.0,0.0021013466953491377,0.0,0.0,0.07517227599404074,0.0,0.032312754493824904,0.0,0.0,0.0,0.0
CATCCCATCGCAATTG-55,0.0,0.0,0.0,0.00526775708414487,0.0,0.05265601996548407,0.006526599678355808,0.0,0.08563941330653743,0.05182753180558717,0.0,0.012726400975322086,0.0,0.0,0.17178291261015566,0.0
ATCCACCCAACGTAAA-58,0.03856959250325237,0.0,0.039404846889730484,0.0,0.0,0.0,0.01733007927817936,0.0,0.026408132501046948,0.026485825925923745,0.0,0.0,0.0,0.0,0.0,0.0
TGTTGGAAGAACCGCA-8,0.17363512749550314,0.0,0.1079715714524732,0.0,0.0,0.011911848639288528,0.006526599678355808,0.0,0.03609440371316055,0.06316534131608295,0.0,0.039262402119161044,0.0,0.03681682840183775,0.0,0.0
TCACGGGGTAGCTTTG-58,0.2604526912432547,0.0,0.015682871961680632,0.0,0.0,0.040455814341572326,0.010877666130593015,0.16920601034823035,0.16482432869916902,0.1871862427214723,0.0,0.023419178639621063,0.0,0.05522524260275663,0.030043674350536505,0.0
GCCAGCATCAAACTGC-57,0.0,0.0,0.12669499177684232,0.0,0.0,0.1132286678960082,0.01764943433154761,0.10348828333483982,0.04518481084603182,0.021615765720333274,0.0,0.03338816920593074,0.07561661486082466,0.0,0.21813165482360716,0.04266206391263088
ACGGTTATCGAGAAGC-59,0.0,0.08985562764284728,0.014169228382144197,0.03220256539211265,0.0,0.0794364142350467,0.0,0.04599479259326214,0.0,0.0368598301727076,0.0,0.034105105205377975,0.020654251336959122,0.0,0.06008734870107301,0.0
CACCAAAGTCTCAAGT-49,0.0,0.0,0.07880969377946097,0.007303762915611659,0.018333414169893147,0.06998395241621709,0.014196316033771143,0.0,0.08232898641826066,0.0521425448699488,0.0,0.04995367679658034,0.0,0.04382332015077465,0.17107266809812857,0.0
TCCTTTCTCACTGTCC-57,0.0,0.0,0.1930046829654678,0.0,0.0,0.05265601996548407,0.009456060129071119,0.0,0.026256914464320793,0.11981938011589292,0.0,0.02175996774870311,0.0,0.0,0.14808716396838625,0.0
TACCGGGTCCGGTTCT-56,0.0,0.0,0.252094512579836,0.0,0.014225354394923645,0.001769184627495938,0.00840538678139655,0.0,0.010920916486828287,0.12152545881962924,0.0,0.09188260407049499,0.0,0.08063754473376222,0.0,0.0
CCGTTCAGTGAGTGAC-55,0.0,0.0,0.015682871961680632,0.00973835055414888,0.024444552226524197,0.09331193655495612,0.01522873258283022,0.0,0.09752422518815722,0.06952339315993174,0.0,0.03606154005466745,0.0,0.07999068534295409,0.08592239894688838,0.0
TGTTACTAGTAGACCG-57,0.0,0.0,0.0,0.03671762772160056,0.021388983198208672,0.1738830490334047,0.004351066452237206,0.0,0.07299308591613167,0.10403516816674002,0.0,0.03409912774289843,0.0,0.051127206842570425,0.08702997339941203,0.0
ACAGGGAAGATGGTCG-57,0.0,0.0,0.21316597089074896,0.0,0.0,0.08888716389482557,0.0018390784900632208,0.009876601437719386,0.012885296401301313,0.03242364858049991,0.0,0.033537932540977394,0.0,0.0,0.047391497283538794,0.0
TGTGCGGTCCATCCGT-1,0.0,0.0,0.05910727033459572,0.0,0.0,0.04607401746979856,0.00532755326914231,0.0,0.01829141475021913,0.08344438029084313,0.0,0.0,0.0,0.0,0.09847559838001563,0.0
AAGACAAAGTGGGAAA-10,0.0,0.0,0.1079715714524732,0.0,0.021338031592385467,0.0,0.0432110101123058,0.0,0.009663972300975984,0.11894380996569454,0.0,0.11542777569513232,0.0,0.12095631710064333,0.0355436229626541,0.015136831390335458
CAGGGCTTCATCGACA-53,0.0,0.0,0.11821454066919145,0.00243458763853722,0.006111138056631049,0.02332798413873903,0.006304040086047412,0.0,0.04677094007470552,0.017380848289982934,0.04304502267936737,0.06017116109626634,0.0,0.01460777338359155,0.1281114686246844,0.0
TGGGATTGTTACCCAA-56,0.0,0.0,0.09409723177008379,0.0,0.0,0.09035216553055814,0.008702132904474412,0.09198958518652428,0.015090361429169684,0.0,0.0,0.049434445072284505,0.0,0.0,0.12017469740214602,0.0
GGAACCCCAGTAGAGC-1,0.05319161514570521,0.0,0.0,0.014363204933859352,0.0,0.13701429086914194,0.015922590804809556,0.0,0.01866705993376291,0.10776413761728702,0.0,0.028828493855070445,0.0,0.0,0.12661148363144867,0.0
GAAGAATCAGTTTCAG-10,0.028939187915917187,0.0,0.17328481880037502,0.00175591902804829,0.0071126771974618225,0.005523677361539964,0.004202693390698275,0.0,0.025971271747203786,0.04977580960198162,0.0,0.05286281243405177,0.01204141655648544,0.046454910433854066,0.0,0.0
CCGGGTACAAGATGTA-8,0.028939187915917187,0.0,0.0539857857262366,0.0,0.0,0.018687682352910986,0.0,0.0,0.03011950728803999,0.034572648671730065,0.0,0.021047891036166375,0.01204141655648544,0.006136138066972959,0.028135885251433037,0.0
GGTGAAGCAGCTGTCG-8,0.2315135033273375,0.0,0.019702423444865242,0.00526775708414487,0.0,0.015882464852384703,0.0010506733476745688,0.0,0.045920806589679036,0.09516519453792699,0.0,0.0771974011401492,0.007224849933891264,0.04908910453578367,0.047391497283538794,0.0
GTCTACCTCGCTACAA-57,0.0,0.0,0.0,0.0,0.0,0.15677798967401185,0.01522873258283022,0.16614911792838236,0.09629105830477393,0.13725126779251634,0.0,0.02021791162580955,0.0,0.0,0.25292774498953563,0.0
GTCTTTACAGCGTTGC-14,0.0,0.0,0.05910727033459572,0.0,0.0,0.05923802246116958,0.011854152947498118,0.0,0.033757421362932596,0.09216845324657832,0.0,0.00706206358175493,0.0,0.0,0.12661148363144867,0.0
CAAAGAAGTGTCTTCC-14,0.0,0.0,0.0,0.010955644373417488,0.027500121254839725,0.10497592862432564,0.006526599678355808,0.0,0.11387264404715362,0.0782138173049232,0.0,0.058386193926951796,0.0,0.06573498022616198,0.17959781906144234,0.0
TCATTCACACTCACTC-55,0.0,0.0,0.34927139033899324,0.0,0.0,0.08145981343487597,0.009981028065916208,0.0,0.01866705993376291,0.0961335632918688,0.0,0.027249613720839685,0.0,0.0,0.12661148363144867,0.0341296511301047
TCTAACTTCCAATGCA-55,0.0,0.0,0.15761938755892194,0.010955644373417488,0.04044621879475878,0.11625819741592791,0.00840538678139655,0.0,0.12159436324389168,0.09814762718033962,0.0,0.06141561997502437,0.0,0.06573498022616198,0.15590207041967294,0.0
AGGAGGTTCCGAGCTG-53,0.0,0.0,0.08610016319771402,0.010955644373417488,0.027500121254839725,0.10497592862432564,0.014029686173616721,0.0,0.09886855605946117,0.08902170016508983,0.0,0.04835483648174078,0.0,0.06573498022616198,0.09666269881524941,0.0
TCCCATGGTCAGTCTA-53,0.017730538381901736,0.37339305086622954,0.0,0.09114521990177867,0.024444552226524197,0.11305794404201266,0.005307530268269852,0.0,0.07733844599836458,0.13879324227556794,0.0,0.09576316750073362,0.0,0.0584310935343662,0.12812622682403793,0.0
AAGCATCTCCACCTCA-59,0.041428476083396865,0.16595246705165756,0.05910727033459572,0.043791299162894065,0.024444552226524197,0.10021979776077501,0.003152020043023706,0.0,0.07665800013876244,0.07835200180190631,0.08609004535873474,0.08701874138166733,0.0,0.0584310935343662,0.08592239894688838,0.0
GATCATGGTGGTAATA-53,0.1045481021296533,0.0,0.0,0.004787734977953117,0.0,0.005955924319644264,0.02053626285110007,0.10443472432257092,0.1422787758748498,0.05073820364465581,0.0,0.041286399962657684,0.0,0.018408414200918877,0.09478299456707759,0.0
CTCCAACTCTACTGCC-1,0.0,0.0,0.0,0.0,0.0071126771974618225,0.059827750670334905,0.0,0.0,0.031971337730348326,0.09988386284231512,0.0,0.027772356102718783,0.0,0.04031877236688111,0.16215510659410276,0.0
CTGCGAGGTTTGGAGG-1,0.0,0.0,0.07880969377946097,0.00852105673488027,0.021388983198208672,0.1408859669467562,0.004202693390698275,0.0,0.10666423383758704,0.11913894229622585,0.0,0.09428847059887893,0.0,0.051127206842570425,0.2965765772770536,0.0
AGGGAGTTCTTTGGAG-51,0.0,0.0,0.014169228382144197,0.00859683229135153,0.0071126771974618225,0.0,0.0,0.0,0.022549268702277296,0.011948219591398392,0.0,0.03795347688297645,0.0,0.04031877236688111,0.08293512024619289,0.019461640359002733
TCACACCGTGCCGTTG-8,0.0,0.0,0.0,0.0,0.010669015796192734,0.0011794564183306253,0.040936202411141216,0.0,0.007280610991218858,0.05778994913793041,0.0,0.046444746152691126,0.0,0.06047815855032167,0.0,0.0
TACTGCCAGTTTGTCG-7,0.0,0.0,0.0,0.010955644373417488,0.027500121254839725,0.15104994609412423,0.010877666130593015,0.0,0.11338738045238787,0.15742538760010474,0.0,0.04056923256150087,0.0,0.06573498022616198,0.19513829719526504,0.0
ACTTATCAGCCATGCC-7,0.0,0.0,0.0,0.00243458763853722,0.006111138056631049,0.07598400410422311,0.0,0.0,0.053699909937074346,0.11727057499423266,0.0,0.02834705940315407,0.0,0.01460777338359155,0.20511138666776244,0.0
TTGGGCGTCTCCACTG-49,0.0,0.20744058381457198,0.019702423444865242,0.05108724249581176,0.021388983198208672,0.0816479444855866,0.014103872704386188,0.0,0.08486212324497602,0.09469544898023301,0.0,0.11467102405640993,0.0,0.051127206842570425,0.07518209907852733,0.0
CTGCTCACACGGAAGT-55,0.0,0.0,0.12546297569344506,0.010523724192540551,0.0,0.10890577761518179,0.0,0.36015486861492485,0.11869382198042529,0.10623493470347574,0.0,0.020073581691103768,0.0,0.0,0.1735847842563569,0.0
ACTTCGCAGCTACAAA-14,0.0,0.0,0.04048933929467745,0.00973835055414888,0.024444552226524197,0.15067997471607447,0.0,0.011498698148315535,0.085634917080037,0.16917959774102484,0.0,0.0901123274255569,0.0,0.0584310935343662,0.19941983450217224,0.0
TCATCCGTCACCTCAC-1,0.0,0.0,0.0,0.0,0.0,0.0338820620739593,0.06549792385782593,0.034496094444946605,0.0,0.03986761975083281,0.0,0.058612354366932407,0.0,0.0,0.045065511525804756,0.0
ACGATCAAGAAATCCA-10,0.28984466248536955,0.0,0.25938498199808907,0.0023412253707310537,0.0,0.011911848639288528,0.031916434880406706,0.0,0.04088325314290993,0.11926434200654652,0.0,0.04776161861640168,0.0,0.03681682840183775,0.059239371604423496,0.0
CACTGTCCATCTTAGG-55,0.17363512749550314,0.12446435028874317,0.10978010373176443,0.025539711456558895,0.0,0.03449989002192806,0.010877666130593015,0.19009295521274455,0.1679783592286391,0.09811236581409567,0.0,0.03849993815180728,0.0,0.03681682840183775,0.030043674350536505,0.0
GGGTCACAGAAAGCGA-8,0.0,0.0,0.08645346277477238,0.0,0.021338031592385467,0.0017602811893592586,0.0021013466953491377,0.0,0.0,0.07393994873514953,0.0,0.0604095465525766,0.0,0.12095631710064333,0.013523527160635566,0.0
CGGGTGTGTTAGGGTG-55,0.0,0.0,0.07368820917110185,0.00973835055414888,0.024444552226524197,0.09331193655495612,0.009313502814447034,0.0,0.09238557544133293,0.12923444884121935,0.0,0.056723308285276094,0.0,0.09436374654867936,0.10961814758865777,0.0
CGTCAAATCGTTCCTG-55,0.0,0.0,0.0,0.014098285493360145,0.0,0.052699554769594564,0.0,0.0,0.002074117770418101,0.10604245076338543,0.0,0.030364100039912686,0.0,0.0,0.014067942625716518,0.0
GGCTTGGTCAGATTGC-59,0.11428778099591765,0.0,0.08725104726072688,0.014201064078205835,0.0,0.02763144482327553,0.005515481969803192,0.0,0.02216762980660862,0.0,0.0,0.002190673278274623,0.004816566622594176,0.0,0.0,0.15233353327396404
AAGAACAGTTGTTGAC-14,0.0,0.0,0.019702423444865242,0.0,0.0,0.05923802246116958,0.014103872704386188,0.0,0.04130260207751744,0.15073964276993596,0.0,0.032479945752805654,0.0,0.0,0.12661148363144867,0.0
GGTCTGGCATCCTAAG-55,0.0,0.0,0.039404846889730484,0.010523724192540551,0.0,0.00931029773461094,0.004276879921467741,0.1773397086862621,0.06188695122509579,0.06713381209618052,0.0,0.02290752175557975,0.0,0.0,0.10663086888796229,0.0
CCCATTGAGTCGGCCT-7,0.14469593957958593,0.0,0.16707884178706892,0.0,0.0,0.0494185555068535,0.003152020043023706,0.0,0.03953454869089534,0.08210218029485693,0.0,0.036232976071088475,0.0,0.030680690334864792,0.1081034043960685,0.0
AGTGATCTCTAACACG-51,0.028939187915917187,0.0,0.14520743353230972,0.010955644373417488,0.04528181424849428,0.12670724421793025,0.006304040086047412,0.0,0.09035739635780057,0.17819519332151382,0.0,0.16437054322424197,0.0,0.1726680492103377,0.13886652669239896,0.0
GGTAGAGGTTCGGCTG-57,0.0,0.0,0.15359983607573732,0.0,0.0,0.0,0.07839653929996859,0.0,0.015090361429169684,0.02990071481312461,0.0,0.04309806052216836,0.0,0.0,0.0,0.0
GATTCTTAGTCGAATA-8,0.0,0.0,0.04590758513348241,0.0,0.024894370191116382,0.0,0.12438526258120733,0.0,0.0,0.041818768569894374,0.3127089220049755,0.11732614495331341,0.0,0.1411157032840839,0.0,0.017182030719860727
CTGTGGGGTTCCGCGA-49,0.0,0.0,0.08610016319771402,0.010955644373417488,0.0523944914459561,0.1155376157604812,0.003152020043023706,0.0,0.10577619707560168,0.13084046873498423,0.0,0.13919488235359548,0.0,0.20685068351024588,0.27258685634614044,0.0
CCGAACGAGGTCGTAG-57,0.0,0.0,0.2727611987828788,0.0,0.0,0.1057742836860351,0.03279176904342864,0.124375228199354,0.04102448531937772,0.010147640728931161,0.0,0.0033455969485172952,0.0,0.0,0.1351965345774143,0.01706482556505235
AGAACAACAGGTGTTT-1,0.028939187915917187,0.0,0.0,0.00852105673488027,0.021388983198208672,0.1440507314716349,0.0,0.0,0.09230369079975048,0.14453580227019538,0.0,0.0924317027584227,0.009633133245188353,0.057263344909543386,0.20179358270997597,0.0
GTAGGTTTCCCATGGG-8,0.0,0.04148811676291439,0.10978010373176443,0.02869915488848081,0.006111138056631049,0.02332798413873903,0.0,0.0,0.027442995472753553,0.017380848289982934,0.0,0.020562946453416418,0.0,0.01460777338359155,0.057024222699376195,0.0
AGGGCCTCACAGAGAC-60,0.0,0.0,0.0985121172243262,0.007303762915611659,0.02544609136735497,0.06998395241621709,0.013955499642847256,0.0,0.09419802374710501,0.06409076446134719,0.0,0.08873110286430623,0.0,0.08414209251765577,0.15922479377724388,0.0
GCCAGCAAGGATCACG-9,0.0,0.0,0.07880969377946097,0.0,0.0,0.05923802246116958,0.008553759842935481,0.0,0.05198283345095037,0.08370283325525513,0.0,0.055672559469289985,0.0,0.0,0.22139447819852626,0.0
TGAGGTTCACAATGCT-8,0.0,0.0,0.0820240733679169,0.0,0.0,0.0,0.0009192469949671986,0.0,0.0,0.03548532714173978,0.0,0.01946400980059977,0.0,0.0,0.0,0.008532412782526175
AGCGATTGTGTCTTCC-1,0.0,0.0,0.07880969377946097,0.00608646909634305,0.015277845141577623,0.1258083702586433,0.004202693390698275,0.011498698148315535,0.0828823330664453,0.13337494249149884,0.0,0.043724653279431945,0.0,0.03651943345897887,0.18126687752280563,0.0
TCCATCGCATGGGAAC-53,0.0,0.29041681734040076,0.0,0.05959266006530409,0.0,0.02691773819190735,0.0,0.0,0.011936776577281835,0.025913765902793585,0.0,0.027382045981894153,0.0,0.021559591808587898,0.056271770502866074,0.0
AAGCATCAGCAAGGAA-56,0.028939187915917187,0.0,0.0809786785893549,0.0,0.0,0.001985308106548088,0.0,0.0,0.013793411074523199,0.03242364858049991,0.1004383862518572,0.030992652345912985,0.0,0.006136138066972959,0.0355436229626541,0.0
TACATTCTCGTGGGAA-7,0.17363512749550314,0.0,0.0,0.00973835055414888,0.024444552226524197,0.11838779018561568,0.0,0.0,0.10004096086922977,0.08248027611132853,0.0,0.03606154005466745,0.0,0.09524792193620396,0.11405828419832141,0.0
CATCGTCAGCAAGTCG-60,0.0,0.12446435028874317,0.13658172464888774,0.03737481849259514,0.0,0.0,0.00666615806541969,0.026805656755770756,0.0,0.0,0.02428523928859477,0.011735162563668921,0.0,0.0,0.0,0.0341296511301047
AACGTCAGTCAACCTA-10,0.0,0.08297623352582878,0.11821454066919145,0.017026474304372596,0.0,0.001769184627495938,0.007687135531323138,0.0,0.010920916486828287,0.0,0.0,0.007823441709112615,0.0,0.0,0.0,0.0
ACAAGCTGTATGATCC-55,0.0,0.0,0.1960843289545413,0.0,0.0,0.05923802246116958,0.011031701413590776,0.0,0.031905918450959546,0.05830597328128557,0.0,0.0,0.0,0.0,0.1615336884297963,0.0341296511301047
ACCACAACAAGGACAC-60,0.0,0.3319049341033151,0.13791696411405668,0.09981390598026466,0.0,0.056470103456598836,0.007354713433721982,0.057493490741577676,0.0,0.0,0.0,0.03129376683645046,0.00692956821611054,0.0,0.07510918587634127,0.0
TACACCCTCGGCACTG-60,0.0,0.0,0.17732181100378716,0.0,0.0,0.0017602811893592586,0.009456060129071119,0.06266083459354256,0.06595498515228711,0.030442922186793484,0.0,0.025308472015938385,0.0,0.0,0.08461077308594375,0.0
AGGAATAGTATCATGC-51,0.0,0.37339305086622954,0.07841435980840317,0.07661913436967668,0.024894370191116382,0.0,0.0812557930475457,0.0,0.014826834553572,0.041818768569894374,0.0,0.10568329200234614,0.0,0.1411157032840839,0.0,0.07218278541223488
CTGGACGCAGCGTAGA-9,0.0,0.0,0.17489145419776822,0.03438732916540612,0.02845070878984729,0.001769184627495938,0.06381892167675668,0.0,0.010920916486828287,0.047792878365593566,0.0,0.08054606207010212,0.0,0.16127508946752445,0.0,0.0
AGGATAACAATCACGT-1,0.028939187915917187,0.0,0.13791696411405668,0.010955644373417488,0.027500121254839725,0.13328924671361578,0.007354713433721982,0.0,0.09243151412821869,0.13799006317300952,0.0,0.07587955047027553,0.0,0.07187111829313493,0.1529344693181155,0.0
TTCCAATTCCGACGGT-55,0.08681756374775157,0.0,0.21043196145105295,0.0,0.0,0.005955924319644264,0.011705042411974795,0.0,0.019933497035226486,0.0,0.0,0.0,0.0,0.018408414200918877,0.0,0.0682593022602094
TATACCTCAGTTCCAA-8,0.0,0.0,0.01349644643155915,0.0,0.0,0.06175094702467661,0.0,0.057493490741577676,0.008825905678131088,0.04349923139103767,0.0,0.0038928019601199544,0.0,0.0,0.13896123722381307,0.0
TAGATCGGTACGAAAT-60,0.0,0.0,0.21062617016466245,0.0,0.0,0.0,0.011950948408557973,0.0,0.0,0.0,0.0,0.042372381490529576,0.0,0.0,0.0,0.05131168184996543
TCTACATTCTGCATGA-14,0.0,0.0,0.15761938755892194,0.0,0.0035563385987309112,0.0,0.0658672481260827,0.0,0.0522029378094213,0.01867253978268398,0.028696681786244915,0.027885219124213687,0.0,0.020159386183440556,0.08293512024619289,0.008649617937334549
TTTGATCGTCCAAGAG-7,0.0,0.0,0.13791696411405668,0.00243458763853722,0.006111138056631049,0.02332798413873903,0.007354713433721982,0.0,0.06424574391785903,0.017380848289982934,0.0,0.03192290676924661,0.0,0.04401651856790252,0.1281114686246844,0.0
CTGGTCTCACTGGACC-7,0.0,0.0,0.0,0.0,0.0,0.05923802246116958,0.0,0.0,0.04121632863604021,0.07523721326393194,0.0,0.01781696136545092,0.0,0.0,0.20954660387764154,0.0
CGGAGAACATAGAAAC-59,0.0,0.12446435028874317,0.05816736484048459,0.025539711456558895,0.0,0.0,0.0036769879798687942,0.0,0.0,0.0,0.22887603612641585,0.02612751238226303,0.0,0.0,0.0,0.0341296511301047
GCTGGGTAGCAACTCT-9,0.05142612333766982,0.0,0.019702423444865242,0.0,0.0,0.0,0.0010506733476745688,0.0,0.0,0.06917691453319108,0.0,0.06355857223579438,0.0,0.0,0.0,0.0
GACCCTTGTTGCTCAA-1,0.0,0.0,0.0985121172243262,0.0,0.0,0.05923802246116958,0.013955499642847256,0.0,0.053085365964884564,0.09216845324657832,0.0,0.0152716811703865,0.11342492229123699,0.0074362679059380874,0.19769872955675685,0.0
TAGAGTCGTGAGGCAT-1,0.0,0.0,0.06273148784672253,0.0,0.0,0.05265601996548407,0.0,0.0,0.01659294216334481,0.08992282176654151,0.0,0.0,0.0,0.0,0.11254354100573215,0.0
TGGGATTGTTACACTG-58,0.014285972624489706,0.0,0.1857631644850531,0.0,0.0,0.007582028067066629,0.017295448386531843,0.08354777945805675,0.11660085886569972,0.040590562915724646,0.0,0.013382387794069181,0.0,0.0,0.0,0.07065611705415979
CAGGCCACAGGCTATT-55,0.0,0.0,0.20030500569517423,0.0,0.02845070878984729,0.0,0.09466445394080024,0.0,0.0,0.047792878365593566,0.03409087285938113,0.08054606207010212,0.0,0.16127508946752445,0.0,0.05972688947768323
ACAGGGAAGCGAGTCA-55,0.02857194524897941,0.0,0.24561613160015047,0.0,0.0,0.01103595866997607,0.008798928365534269,0.06266083459354256,0.0776510864712533,0.030442922186793484,0.0,0.010036790845551884,0.0,0.0,0.0,0.04266206391263088
ACAACCACATGACAGG-7,0.057878375831834375,0.0,0.10322082714139999,0.0,0.0,0.05662663617858025,0.0,0.0,0.02485181971043924,0.17890555051351892,0.0,0.04821834485226622,0.0,0.012272276133945917,0.11254354100573215,0.0
ATTCTTGTCGCTCCTA-49,0.0,0.0,0.0,0.010955644373417488,0.027500121254839725,0.15104994609412423,0.040936202411141216,0.0,0.09774575276625111,0.16343052738564479,0.0,0.11585099428700756,0.0,0.10885416384333776,0.20698617151614976,0.0
CCAATGATCTTTCCGG-1,0.0,0.0,0.0,0.010955644373417488,0.027500121254839725,0.13248339502539833,0.008187240482228242,0.0,0.10524665864686632,0.16392901283396602,0.0,0.07256503246129836,0.0,0.06573498022616198,0.1884780922807696,0.0
TCAGTGATCTACACAG-51,0.057878375831834375,0.0,0.0,0.010955644373417488,0.027500121254839725,0.16160256480290588,0.0,0.0,0.10807874808376364,0.15543820908447992,0.0,0.07136276708358502,0.0,0.0780072563601079,0.22105411414186624,0.0
TCACAAGTCGCCTATC-10,0.08681756374775157,0.0,0.06748223215779575,0.004682450741462107,0.024894370191116382,0.005955924319644264,0.0,0.0,0.012388316320641645,0.10693376568126531,0.0,0.08994181411193913,0.0,0.15952411748500275,0.0,0.0
CCGATCTAGCACAAAT-57,0.2604526912432547,0.0,0.0985121172243262,0.0,0.0,0.017867772958932795,0.0052533667383728435,0.0,0.03716494896192494,0.09826892347596991,0.0,0.058612354366932407,0.0,0.05522524260275663,0.0,0.0
GGCGTCAGTAGGCTCC-1,0.0,0.0,0.06273148784672253,0.0,0.0,0.0,0.023198904067950245,0.0,0.016106620501626638,0.03809528996095435,0.0,0.012726400975322086,0.0,0.0,0.059239371604423496,0.0
GCGAGAAAGCTGGAGT-59,0.0,0.0385095547040774,0.11821454066919145,0.01863779949234932,0.021388983198208672,0.09633094368691561,0.006304040086047412,0.0,0.06222658110122149,0.0766300390889578,0.0,0.06029444837079157,0.008851822001553909,0.051127206842570425,0.07518209907852733,0.0
CCAAGCGTCGACACCG-57,0.0,0.0,0.13791696411405668,0.0,0.0320070473885782,0.0,0.021729821296328816,0.0,0.0,0.053766988161292766,0.0,0.09061431982886489,0.055404097393272435,0.181434475650965,0.0,0.0
TCATTTGCAAGATCCT-55,0.057878375831834375,0.0,0.0,0.0,0.0,0.003970616213096176,0.0,0.0,0.00825887754709443,0.029629669969631157,0.0,0.0,0.0,0.012272276133945917,0.0,0.0
TGGATGTCAGCGTGCT-57,0.012856530834417455,0.0,0.1411458476551257,0.0,0.0,0.026328009982742036,0.0,0.0,0.008296471081672405,0.05590642452307614,0.0,0.049434445072284505,0.0,0.0,0.056271770502866074,0.0
TTCGCTGGTTAAGCAA-14,0.17363512749550314,0.0,0.029083682420242295,0.00121729381926861,0.0030555690283155246,0.023575840708658043,0.019242759798883218,0.0,0.0928387839884394,0.029854474123299436,0.0,0.027415214262413185,0.0,0.04412071509363352,0.11737116875632334,0.01706482556505235
TCTCAGCGTATGTCTG-14,0.0,0.0,0.04048933929467745,0.010955644373417488,0.027500121254839725,0.15763194858980972,0.0,0.0,0.09659854643634387,0.16741722337906828,0.0,0.10168208351414526,0.0,0.06573498022616198,0.20920623982098155,0.0
AGAGAATGTCGTGATT-57,0.08681756374775157,0.0,0.0,0.021047448385081102,0.0,0.015140868442221145,0.004351066452237206,0.5008880314241235,0.1448365454876351,0.07103348510251813,0.0,0.07851796110547274,0.0,0.018408414200918877,0.059239371604423496,0.0
TTCCACGGTATTTCTC-9,0.11575675166366875,0.0,0.18461228042204023,0.0,0.010669015796192734,0.008530960635357665,0.00840538678139655,0.0,0.02015806058979829,0.028730212247264224,0.0,0.0379903771965282,0.0,0.0850227108182135,0.0,0.0
CCTAAGAGTGTTATCG-49,0.0,0.0,0.10179288847084804,0.0,0.0,0.0,0.09262185590680154,0.0,0.003221324100325328,0.0,0.025568154644535844,0.010274800411280977,0.027702048696636217,0.0752626364868398,0.07372057156227693,0.05972688947768323
AGTGCCGAGATAGCTA-14,0.0,0.0,0.0539857857262366,0.0,0.0,0.05923802246116958,0.0,0.0,0.01866705993376291,0.12375112390461979,0.0,0.019631201059580522,0.0,0.030105054594735916,0.15136056252800556,0.0
TGAGGTTGTCCTACAA-8,0.012830481928747148,0.0,0.11821454066919145,0.0,0.0,0.0,0.00649158048156157,0.0,0.0027345271224052,0.0,0.0,0.0,0.0,0.0,0.010783244468072911,0.0
GGTAGAGTCCGGTTCT-1,0.08681756374775157,0.0,0.0,0.0,0.0,0.021798455023877592,0.0,0.0,0.012388316320641645,0.045330669849385975,0.0,0.008119986438201414,0.0,0.018408414200918877,0.1217117444457201,0.0
TTCCTTCTCGCAGTCG-14,0.0,0.0,0.17732181100378716,0.0,0.010669015796192734,0.0,0.09646046745883716,0.0,0.0414122204887394,0.017922329387097587,0.0,0.06348077507417234,0.0,0.06047815855032167,0.08293512024619289,0.002162404484333637
GCTGCAGCACGACGCT-55,0.0,0.0,0.0,0.0,0.0,0.05265601996548407,0.04593301373267764,0.0,0.039142210865622105,0.05182753180558717,0.0,0.0813755336012453,0.0,0.10482771662510038,0.24497681904503885,0.0
ATCGGCGAGTTAACAG-56,0.08014372988716059,0.0,0.15761938755892194,0.0,0.0,0.022588041382639534,0.023395820746005856,0.02299739629663107,0.0,0.0,0.0,0.0,0.0,0.0,0.030043674350536505,0.0
CATTTCACATTGTACG-55,0.0,0.0,0.11821454066919145,0.0,0.0,0.0,0.045163774543583925,0.0,0.06854926050729979,0.0,0.0,0.0,0.07561661486082466,0.0,0.0,0.0
ATGTCCCTCATTGCGA-9,0.20257431541142032,0.0,0.2790874054429543,0.0,0.0,0.013897156745836615,0.00840538678139655,0.0,0.028906071414830505,0.10393304765784404,0.0,0.04721519729838171,0.0,0.042952966468810715,0.0,0.0
TCCGATCAGTATCTGC-60,0.0,0.0,0.07880969377946097,0.003550266019551459,0.0,0.0,0.004202693390698275,0.0,0.0,0.0,0.0,0.0,0.0,0.0,0.0,0.0
TGTAACGAGTTCATGC-57,0.20257431541142032,0.0,0.17290692554954476,0.0,0.0035563385987309112,0.06655317671132069,0.023782492425765703,0.0,0.0911021960225761,0.10763616628982738,0.0,0.0303682238542663,0.0,0.08271818277512526,0.11254354100573215,0.0
CGTTAGAGTGTACATC-14,0.12411376867331216,0.0,0.2143285829295592,0.03351414484567182,0.0,0.0,0.042085986088909164,0.041773889729028374,0.05096390455914249,0.10162210285948321,0.0,0.07993322617020743,0.0,0.0,0.059239371604423496,0.025597238347578526
TCGAAGTCAGCTGTGC-55,0.2315135033273375,0.0,0.13900145651900364,0.0,0.0,0.0836465890003033,0.0052533667383728435,0.06899218888989321,0.03303551018837772,0.03614563416566636,0.03269657658948798,0.02185444229264615,0.0,0.04908910453578367,0.09013102305160951,0.0
GTCTCACGTATCGCGC-7,0.0,0.0,0.15464229408668484,0.0,0.0,0.0,0.0,0.0,0.0,0.0054039414300833186,0.0,0.04626518345064954,0.0,0.04515758189210387,0.037123618344835345,0.0
ATTCCTAGTAAGGAGA-57,0.14469593957958593,0.0,0.26154216321327894,0.0,0.0,0.11157272675461834,0.013658016045785003,0.10348828333483982,0.02064719386773608,0.010807882860166637,0.0,0.036033858247259624,0.0,0.030680690334864792,0.1351965345774143,0.0682593022602094
TACCTCGTCCTTGGAA-57,0.0,0.0,0.19075878232111934,0.0,0.0,0.05923802246116958,0.008702132904474412,0.0,0.033757421362932596,0.12459210182707824,0.0,0.02335681176071973,0.0,0.0,0.12661148363144867,0.0
TACCTCGGTCCTTAAG-14,0.0,0.0,0.09230614021102011,0.010955644373417488,0.03461279845230154,0.10497592862432564,0.028764414837383,0.0,0.0961122247746257,0.12096283830037446,0.0,0.07732495101446844,0.0,0.1581076279346097,0.15590207041967294,0.0
ATCACGAAGTGATTCC-57,0.0,0.0,0.0809786785893549,0.00973835055414888,0.024444552226524197,0.12719399862891542,0.008702132904474412,0.034496094444946605,0.13020232051729685,0.10194704174043163,0.0,0.09727394991922624,0.0,0.12705149896442514,0.14283578479357784,0.0
GTAATGCAGACATAGT-9,0.05342915325810707,0.0,0.13791696411405668,0.0,0.0,0.0,0.13261153670936054,0.0,0.0,0.0,0.0,0.06518278182226958,0.11342492229123699,0.0,0.0,0.0
TATCAGGTCTACTGCC-14,0.0,0.0,0.12146801788403234,0.0,0.0,0.003520562378718517,0.0,0.0,0.025770592802602625,0.04863547287074986,0.0,0.07012687925731105,0.016857983179079616,0.0,0.12183004888834872,0.0
CTATCTATCATACGGT-8,0.0,0.0,0.12146801788403234,0.0,0.0,0.011294020691319767,0.0,0.011498698148315535,0.025770592802602625,0.07403233284471943,0.0,0.05868346911900686,0.007224849933891264,0.0,0.10980483174234584,0.0
GTCTCACGTGTTACTG-55,0.11575675166366875,0.0,0.0,0.00608646909634305,0.015277845141577623,0.1254992152342095,0.0,0.0,0.07963237295739571,0.10175809400624289,0.1004383862518572,0.0790349711882066,0.0,0.06106398572687071,0.1803129829732539,0.0
GACCCAGCAGGGATAC-7,0.0,0.0,0.015682871961680632,0.0,0.0071126771974618225,0.0,0.0,0.0,0.0,0.011948219591398392,0.0,0.023422525434937464,0.007224849933891264,0.04031877236688111,0.0,0.0
TGAATGCGTGGGCTCT-1,0.0,0.0,0.0,0.00608646909634305,0.015277845141577623,0.11097598031233163,0.0,0.0,0.06104050009278874,0.16327565730462346,0.0,0.03471844219146927,0.0,0.03651943345897887,0.16624504034753737,0.0
AGTAGCTCAGCTCATA-55,0.27380997955778147,0.0,0.0,0.0,0.0,0.0467423570885913,0.0,0.0,0.08290194347365379,0.012956882951396792,0.0,0.012726400975322086,0.0,0.05522524260275663,0.08737525685585654,0.0
TGTTCCGAGAGTCGAC-8,0.0,0.0,0.14371016643607745,0.012126257058783016,0.027500121254839725,0.10497592862432564,0.017404265808948823,0.0,0.13273559583361572,0.1106374658854231,0.0,0.10292919643293633,0.0,0.06573498022616198,0.17959781906144234,0.0
TTTCGATAGTCTTCCC-1,0.0,0.0,0.05910727033459572,0.008427694467074103,0.015277845141577623,0.10439397781664614,0.003152020043023706,0.0,0.08795829922529859,0.08880121105484609,0.0,0.06614213128808064,0.014449699867782528,0.03651943345897887,0.2588079666097831,0.0
AAGACTCTCTGGTTGA-1,0.0,0.0,0.05910727033459572,0.010955644373417488,0.031056459853570632,0.1444679435984387,0.003152020043023706,0.0,0.10533560729680898,0.12305857595481277,0.0,0.09612892900929595,0.0,0.08589436640960253,0.2284618518530873,0.0
TTACAGGGTAGCACGA-57,0.1575524704140034,0.0,0.06273148784672253,0.005261862096270276,0.0,0.01222277656338466,0.0,0.08866985434313104,0.07942969407367037,0.008828608641974583,0.0,0.06979668663279985,0.0,0.030680690334864792,0.09478299456707759,0.0
AACCTGATCAAGCCCG-8,0.0,0.0,0.20027771166349334,0.0,0.0,0.002948641045826563,0.008553759842935481,0.0,0.025746708192631987,0.04863547287074986,0.0,0.03503521764107959,0.0,0.0,0.0,0.0
CTACCTGGTGGGCTTC-1,0.0,0.0,0.0,0.0,0.0,0.002948641045826563,0.008702132904474412,0.0,0.059062481709819446,0.05727637913129164,0.0,0.020362241560515335,0.0,0.0,0.09478299456707759,0.0
TCTCAGCTCTCTCTTC-7,0.0,0.0,0.0,0.0,0.0,0.022694648532883093,0.0,0.0,0.11766708596356763,0.01943532442709519,0.0797414940720984,0.027019621703749497,0.0,0.07842332049149593,0.195397636496242,0.0
TGAACGTTCTCGACGG-1,0.057878375831834375,0.0,0.0,0.00486917527707444,0.012222276113262098,0.12218657527725864,0.0,0.0,0.08181192842636445,0.09730047985691304,0.0,0.06861276910649489,0.0,0.04148782290112902,0.33532461915465006,0.0
AATCGACCAGTAGGAC-10,0.0,0.0,0.13387997191064455,0.0,0.0,0.026328009982742036,0.0021013466953491377,0.0,0.008296471081672405,0.10183664587433115,0.0,0.03431167730259461,0.0,0.0,0.056271770502866074,0.0
TCAGTCCCACCAGGTC-14,0.05142612333766982,0.0,0.0,0.010955644373417488,0.027500121254839725,0.15763194858980972,0.0,0.0,0.11270516693797052,0.1907526436523783,0.0,0.060357697118577885,0.0,0.06573498022616198,0.268445611425405,0.0
TATCAGGGTGATCATC-9,0.0,0.16595246705165756,0.2557361708121903,0.03405294860874519,0.0,0.003538369254991876,0.013807126581308326,0.0,0.029387013688241415,0.0,0.0,0.01564688341822523,0.0,0.0,0.0,0.0
ACCTGAAAGGCTCTCG-8,0.0,0.0,0.23309868828908747,0.0,0.0,0.0023589128366612506,0.013440607220601086,0.0,0.021003870183088368,0.016211824290249956,0.0,0.0662034113427732,0.0,0.0,0.023695748641769397,0.0
GTCATGACATGGGCAA-8,0.0,0.0,0.05106816736822651,0.0,0.0,0.001769184627495938,0.0010506733476745688,0.0,0.010920916486828287,0.0,0.0,0.0,0.0,0.0,0.0,0.0
GGGTTATTCACTGATG-55,0.0,0.0,0.047048615885041896,0.007303762915611659,0.018333414169893147,0.17144701343362845,0.0,0.09198958518652428,0.05333706951533271,0.08177221483957994,0.0,0.027046155041000584,0.0,0.04382332015077465,0.18461649661231233,0.0
ACTATCTTCAACACCA-1,0.1575524704140034,0.0,0.0,0.0,0.0,0.009926540532740441,0.0,0.0,0.03031116616871206,0.04692389860292893,0.0,0.00763584058519325,0.0,0.030680690334864792,0.0355436229626541,0.0
ATCACAGAGGTCGAGT-1,0.0,0.0,0.11821454066919145,0.0,0.0,0.04607401746979856,0.006304040086047412,0.0,0.020961472593577363,0.08344438029084313,0.0,0.061587069044168274,0.0,0.0,0.12217134702178505,0.0
CCTTTGGGTATGGTTC-1,0.0,0.0,0.0269928928631183,0.0,0.0,0.06627914721860662,0.0,0.0,0.02833103223473889,0.09874352611108338,0.0,0.050731762414207814,0.0,0.0,0.21624921523664506,0.0
ATCGGCGGTTCGTTCC-9,0.0,0.0,0.2852933824562604,0.0,0.0,0.022588041382639534,0.009456060129071119,0.02299739629663107,0.0,0.06016277142331292,0.0,0.0735147971714892,0.0,0.0,0.030043674350536505,0.0
ATGCGATCAATGGGTG-14,0.0,0.0,0.10068110203422015,0.010955644373417488,0.027500121254839725,0.15763194858980972,0.0010506733476745688,0.0,0.10626251873731986,0.16246499769101028,0.0,0.10687220281618849,0.0,0.06573498022616198,0.24474986278363564,0.0
TCCTCTTTCCAACCAA-8,0.0,0.0,0.04048933929467745,0.0,0.0,0.0,0.0,0.0,0.0,0.12707801870793176,0.0,0.07646659917928594,0.0,0.0,0.0,0.0
TACCCACTCTTTGCTA-57,0.0,0.0,0.16501534626162587,0.010955644373417488,0.027500121254839725,0.17274005277224425,0.008798928365534269,0.06899218888989321,0.08000560427299906,0.08361775873500651,0.0,0.10095854317566029,0.0,0.06573498022616198,0.18679372186685894,0.04266206391263088
CGTAAGTAGACTCTTG-9,0.20257431541142032,0.025673036469384937,0.13658172464888774,0.035452800099117894,0.027500121254839725,0.1286617515043816,0.0036769879798687942,0.04020848513365613,0.10891167568782957,0.11414205732823779,0.03642785893289215,0.05031354833446601,0.005901214667702606,0.10868794669497271,0.09666269881524941,0.0341296511301047
GCAACATCATTCACCC-56,0.0,0.20744058381457198,0.16606074104018784,0.05230453631508036,0.024444552226524197,0.09744003401911333,0.011893708586620068,0.0,0.1003708215136687,0.06952339315993174,0.0,0.05562014432744898,0.0,0.0584310935343662,0.08592239894688838,0.05119447669515705
AGCATCACAAGTGGAC-1,0.0,0.0,0.0,0.0,0.0,0.019746007487056527,0.008702132904474412,0.0,0.021312714740423986,0.05753061438804954,0.0,0.0,0.0,0.0,0.042203827877149554,0.0
CTGCTCACAATAACGA-8,0.0,0.0,0.1079715714524732,0.0,0.0035563385987309112,0.0,0.0,0.0,0.006442648200650656,0.04920564123636574,0.0,0.08867361532038082,0.0,0.020159386183440556,0.023695748641769397,0.0
CCACACTGTATCGCTA-14,0.0,0.0,0.17220032639542804,0.0,0.0,0.05923802246116958,0.01718170621664043,0.0,0.047193984021201,0.1137842189669116,0.0,0.02320704842567307,0.0,0.0,0.16215510659410276,0.0
CCTGTTGTCACTTATC-8,0.0,0.0,0.18569677282698718,0.004097144398779343,0.0,0.013164004991371018,0.006304040086047412,0.0,0.004148235540836202,0.05690783008445976,0.0,0.0759605184546392,0.0,0.0,0.028135885251433037,0.0
CGTTGGGAGAAACTCA-59,0.08681756374775157,0.06418259117346234,0.0,0.016861237929115085,0.0,0.030427589655192586,0.0,0.0,0.012388316320641645,0.026328450123362577,0.0,0.07379523450469735,0.014753036669256515,0.018408414200918877,0.0,0.0
GTATTGGGTGACTCGC-56,0.05132192771498859,0.0,0.04590758513348241,0.0,0.0,0.0,0.02631864354447066,0.1670955589161135,0.13527688329051452,0.1409825554576985,0.0,0.10055917997502711,0.0,0.0,0.043132977872291645,0.008532412782526175
AAGGTAAAGGTCACCC-60,0.09350101820168737,0.24892870057748634,0.0,0.05107942291311779,0.0,0.0,0.010877666130593015,0.0,0.018862951786462107,0.0,0.0,0.04465651587260264,0.0,0.0,0.0,0.0
CACTAAGCAGCAGTAG-55,0.012856530834417455,0.0,0.26084021470032187,0.0,0.0,0.004128097464157188,0.00840538678139655,0.0,0.04481008307121796,0.033506052923547726,0.0,0.02695008705074637,0.0,0.0,0.0710872459253082,0.0
CATTGTTAGTGCAGCA-8,0.0,0.0,0.0,0.0,0.0,0.025044657931407668,0.0,0.0,0.06336780899743523,0.05753061438804954,0.0,0.0,0.0,0.0,0.14885323450004548,0.0
ACGCACGCAGCTACTA-55,0.1157087775097571,0.0,0.15761938755892194,0.0,0.0,0.04607401746979856,0.014931986459752359,0.0,0.02583659546480397,0.12480656810766001,0.0,0.0,0.0,0.02874612241145053,0.09847559838001563,0.0
TTCCACGTCTCCCATG-59,0.0,0.0,0.11727463517508031,0.0,0.0,0.0,0.011180074475129706,0.0,0.007545180714584842,0.0,0.008522718214845282,0.0,0.0,0.0,0.0,0.0341296511301047
GTTCGCTCATCAACCA-8,0.0,0.0,0.10580258664257926,0.007303762915611659,0.018333414169893147,0.10817480846272241,0.004202693390698275,0.0,0.06370765836742322,0.12497230507823856,0.0,0.03483175896124049,0.0,0.04382332015077465,0.17535209382065556,0.0
TATTGGGAGGATGTTA-14,0.0,0.0,0.019702423444865242,0.010955644373417488,0.027500121254839725,0.10497592862432564,0.006814114810355652,0.0,0.08000560427299906,0.14928436638383139,0.0,0.04056923256150087,0.2646581520128863,0.11035258766179049,0.09666269881524941,0.0
ATTTCACCACTAGGTT-1,0.11575675166366875,0.0,0.019702423444865242,0.0,0.0,0.06059725239167643,0.017425154312131055,0.0,0.03311069725753367,0.10166205649412817,0.0,0.020299966095503535,0.0,0.024544552267891834,0.11254354100573215,0.0
CCGATCTTCTAAGGAA-55,0.028939187915917187,0.20744058381457198,0.21995554143458665,0.04256618576093149,0.0,0.001985308106548088,0.004202693390698275,0.041773889729028374,0.05454207707572261,0.020295281457862323,0.0,0.04152147934020263,0.0,0.006136138066972959,0.0710872459253082,0.0
CAATGACAGAGTCTGG-7,0.0,0.0,0.13791696411405668,0.0,0.0,0.005280843568077776,0.0204079127904336,0.0,0.022635542143754527,0.019933809875416406,0.0,0.008119986438201414,0.0,0.0,0.0405705814819067,0.0
CTGTAGAGTATACGGG-7,0.0,0.0,0.0601917627395427,0.0,0.0,0.04875254318266088,0.03379963527658754,0.0,0.029698533454042473,0.05706965166006512,0.0,0.02695008705074637,0.0,0.0,0.2631387034996108,0.0
GGCTTGGAGGATTCCT-1,0.11575675166366875,0.0,0.0,0.010955644373417488,0.027500121254839725,0.15240917602463105,0.0,0.0,0.13473865879229915,0.11708446615911358,0.04304502267936737,0.07505560128552606,0.0,0.09027953249405381,0.27585334913662607,0.0
TCGCTCATCCTTCTTC-49,0.17363512749550314,0.0,0.10688707904752623,0.010955644373417488,0.027500121254839725,0.11865696189111012,0.0021013466953491377,0.0,0.13825242210338792,0.10946633445100139,0.0,0.07785020372755158,0.0,0.10255180862799974,0.17959781906144234,0.0
TTCGGTCCAGCGTTTA-55,0.08681756374775157,0.0,0.06748223215779575,0.0,0.0,0.005955924319644264,0.0,0.0,0.012388316320641645,0.02701970715041659,0.0,0.020559346439737086,0.002408283311297088,0.018408414200918877,0.0,0.0
TTGGTTTGTAGTCGGA-55,0.0,0.0,0.15761938755892194,0.010955644373417488,0.027500121254839725,0.20752004955072303,0.00840538678139655,0.057493490741577676,0.09452442866592578,0.14895976760878155,0.0,0.04056923256150087,0.0,0.06573498022616198,0.2702474830716063,0.0
AAAGAACCATAGTCAC-58,0.11575675166366875,0.08297623352582878,0.17732181100378716,0.026764824858521472,0.04578258381890967,0.10125316898114849,0.009456060129071119,0.0,0.08763384778129914,0.1053680519341269,0.0,0.11135659189811158,0.0,0.20393196290290136,0.08592239894688838,0.0
TTCCAATTCGCCGTGA-9,0.0,0.0,0.019702423444865242,0.010650798058654376,0.0,0.0,0.0010506733476745688,0.0,0.0,0.0,0.0,0.0,0.0,0.0,0.0,0.0
TTCGCTGTCCTGGGAC-10,0.0,0.0,0.07880969377946097,0.00648505090341348,0.0030555690283155246,0.011663992069369515,0.004202693390698275,0.0,0.008889511585888785,0.06248671398570064,0.0,0.012627678945034844,0.0,0.007303886691795775,0.010740299868361048,0.0
CCTCATGGTCTTAGTG-14,0.0,0.0,0.0,0.00973835055414888,0.028000890825255108,0.13854391735889848,0.0,0.0,0.08792932973985143,0.14598500029507724,0.0,0.09359273969408864,0.0,0.07859047971780675,0.27462255084168935,0.0
GCCTGTTGTGAGGCAT-55,0.0,0.0,0.17330225952060255,0.010955644373417488,0.027500121254839725,0.13885799069828494,0.049341589192537755,0.034496094444946605,0.09933354887495102,0.0782138173049232,0.0,0.055840913731887376,0.0,0.06573498022616198,0.2128154562663624,0.0
TCAGGTAAGTTACGAA-8,0.11575675166366875,0.0,0.039404846889730484,0.0,0.0035563385987309112,0.06717925488736194,0.0021013466953491377,0.0,0.03518481502795177,0.06428008307698475,0.0,0.010068257758762765,0.0,0.04470393845133239,0.12661148363144867,0.0
CTCATGCTCCCAACTC-49,0.0,0.0,0.029083682420242295,0.00608646909634305,0.015277845141577623,0.05831996034684758,0.004113301691098984,0.0,0.04444755792944392,0.043452120724957334,0.0,0.022538462534167154,0.0,0.08757435958824365,0.053701499341805244,0.01706482556505235
AGCCAGCTCAAGAATG-59,0.0,0.051346072938769874,0.13791696411405668,0.013488990343292068,0.0,0.019577332268438653,0.007354713433721982,0.0,0.0,0.02106276009869006,0.0,0.01948863154593027,0.011802429335405212,0.0,0.0,0.0
CATACAGAGGGTTAAT-7,0.02857194524897941,0.16595246705165756,0.0,0.04500859298216268,0.027500121254839725,0.15795780729994308,0.0,0.0,0.1193942807195299,0.12779571763047357,0.0,0.0802504902632111,0.019266266490376705,0.06573498022616198,0.2662255431205732,0.0
GAATCGTAGAGCCTGA-1,0.0,0.0,0.0,0.0,0.0,0.0,0.0,0.0,0.016106620501626638,0.0,0.0,0.07628497321111645,0.0,0.0,0.059239371604423496,0.0
GGAGGATTCGCTCTAC-10,0.0,0.0,0.0,0.0,0.0,0.0,0.0,0.0,0.0,0.038366334804447795,0.0,0.012179979657302121,0.0,0.0,0.0,0.0
CTGTAGAGTCGGTGAA-10,0.02857194524897941,0.0,0.0,0.0,0.0,0.017469548341974433,0.01522873258283022,0.0,0.08133058780526499,0.0,0.0,0.00763584058519325,0.0,0.0,0.2214514003215104,0.002162404484333637
CTCCTTTGTGTCTCCT-7,0.0,0.0,0.07479014229627635,0.00852105673488027,0.021388983198208672,0.1408859669467562,0.003152020043023706,0.0,0.0897195467131155,0.14453580227019538,0.0,0.03155384754783402,0.0,0.051127206842570425,0.22507505257554103,0.0
CTCATGCAGCCACCGT-59,0.0,0.0,0.019702423444865242,0.00852105673488027,0.021388983198208672,0.08282740090391724,0.011928339478267581,0.0,0.0979425547267604,0.060832969014940265,0.0,0.03155384754783402,0.0,0.051127206842570425,0.07518209907852733,0.0
TCAGTTTAGTAGGAAG-9,0.0,0.0,0.0985121172243262,0.007303762915611659,0.018333414169893147,0.06998395241621709,0.016270472694069466,0.0,0.07632750635375404,0.0521425448699488,0.0,0.029591435236065,0.0,0.07392837474551057,0.10103875242760786,0.0
TACTTACTCAGCATTG-7,0.0,0.0,0.08645346277477238,0.0,0.0,0.03291001247842754,0.015154546052060755,0.0,0.03741908383491058,0.07048749733944633,0.0,0.0,0.0,0.0,0.08198044806136513,0.0
TCCCATGGTCCTTGTC-7,0.0,0.051346072938769874,0.10540725267152147,0.01700082839938865,0.0,0.019577332268438653,0.0,0.0,0.0,0.03610345295451829,0.0,0.02727423546617018,0.011802429335405212,0.0,0.0,0.0
CACTTCGCAGGCATTT-7,0.0,0.0,0.05910727033459572,0.0,0.0,0.05265601996548407,0.003152020043023706,0.0,0.06504555983721932,0.05182753180558717,0.0,0.0152716811703865,0.0,0.049014575307184956,0.18363078693104035,0.0
ATTCGTTTCGGTGCAC-7,0.0,0.0,0.12327655016332358,0.00486917527707444,0.012222276113262098,0.11442009242539668,0.013728249552494177,0.06899218888989321,0.046875817415432404,0.04016563801004918,0.0,0.057233889896228324,0.0,0.0292155467671831,0.1330922225250537,0.03609139270611744
GTAACACAGGACAGCT-59,0.0,0.0,0.0,0.0,0.0,0.0,0.0,0.0,0.0,0.0,0.0,0.028796578729035082,0.0,0.0074362679059380874,0.0,0.0
GTCTCACCACTCTAGA-55,0.0,0.0,0.014541841210121148,0.0,0.0,0.0686620588524381,0.0009192469949671986,0.02299739629663107,0.027404120794228017,0.11976522855711964,0.0,0.04549143868903232,0.0,0.0,0.17591077001409094,0.008532412782526175
TCTTGCGTCGAACTCA-14,0.17363512749550314,0.0,0.11200856365588537,0.0,0.0,0.07114987110045812,0.0052533667383728435,0.0,0.043443692575046204,0.09757239467666165,0.0,0.032141056287139674,0.0,0.03681682840183775,0.12661148363144867,0.0
CTGCAGGGTCTTTCTA-53,0.0,0.38622956910092204,0.0,0.08972973250964857,0.024444552226524197,0.09820626962206579,0.010877666130593015,0.0,0.1028643408748737,0.07478908318460424,0.0,0.08960631632982638,0.010175457267742567,0.0584310935343662,0.13331389623042716,0.0
TTTCAGTGTGAGTGAC-1,0.0,0.0,0.0,0.0,0.0,0.05923802246116958,0.01522873258283022,0.0,0.08448155139397452,0.08247259315236355,0.0,0.07734289606756294,0.0,0.039211660245747966,0.18585085523587216,0.0
CCATCACCAGGTCTCG-51,0.0,0.0,0.15761938755892194,0.010955644373417488,0.027500121254839725,0.19248606025930076,0.00840538678139655,0.06899218888989321,0.09267060578490403,0.09764914173201839,0.0,0.08097011086040436,0.0,0.06573498022616198,0.2526932983857779,0.0
TGAGGGACACACGGAA-51,0.0,0.0,0.0,0.010955644373417488,0.027500121254839725,0.15104994609412423,0.0,0.0,0.10418840096690175,0.16739229253781293,0.0,0.09463744785632441,0.0,0.06573498022616198,0.23068192015791913,0.0
CTGTACCTCTAAGCGT-60,0.0,0.0,0.08972438070984083,0.0,0.0,0.0,0.0,0.0,0.0,0.010807882860166637,0.0,0.007785603920239909,0.0,0.0,0.0,0.0
ATCCGTCTCCTAGCCT-8,0.0,0.0,0.0809786785893549,0.0,0.0035563385987309112,0.0,0.0,0.0,0.0,0.07649304833715345,0.0,0.04754919668299235,0.0,0.020159386183440556,0.0,0.0
ACTTTCAAGTCACTAC-1,0.2604526912432547,0.0,0.0,0.0,0.0,0.05077778543736035,0.0,0.0,0.06518734917027762,0.04509063736547677,0.0,0.0,0.0,0.05522524260275663,0.11690265285971277,0.0
GTAGAAACACTCCTGT-1,0.0,0.0,0.0,0.00973835055414888,0.024444552226524197,0.10647594154632714,0.006526599678355808,0.0,0.08658209929982374,0.08248027611132853,0.014348340893122457,0.07843392154519703,0.0,0.0584310935343662,0.11405828419832141,0.0
CCCTCTCTCCCTTGTG-59,0.028939187915917187,0.08985562764284728,0.0,0.02360573310076112,0.0,0.03624563957631573,0.0,0.0,0.012955344451678303,0.0368598301727076,0.08609004535873474,0.034105105205377975,0.020654251336959122,0.006136138066972959,0.023281469865565087,0.0
ACTGTGAGTACCGGCT-58,0.18199214450514653,0.051346072938769874,0.1079715714524732,0.04700313518896388,0.0320070473885782,0.027086317736526703,0.04803037800848197,0.0,0.048963662307213114,0.11806127970064938,0.0,0.1706185826726459,0.011802429335405212,0.19370675178491092,0.0,0.0
GCAGTTATCCCTCGTA-7,0.0,0.0,0.01349644643155915,0.00852105673488027,0.021388983198208672,0.0816479444855866,0.006526599678355808,0.0,0.07354435217309875,0.10009939041031633,0.0,0.03544664950795396,0.0,0.051127206842570425,0.07518209907852733,0.0
GCTTTCGTCGAATGCT-8,0.0,0.0,0.039404846889730484,0.0,0.0,0.05265601996548407,0.015154546052060755,0.0,0.03922848430709933,0.07299158178389513,0.0,0.06355857223579438,0.0,0.0,0.11254354100573215,0.0
GATGATCAGGTTCACT-53,0.14469593957958593,0.0,0.0809786785893549,0.0,0.0,0.009926540532740441,0.0,0.0,0.03031116616871206,0.05722902798957686,0.0,0.030992652345912985,0.0,0.030680690334864792,0.0355436229626541,0.0
ATGGGAGAGTTCGCAT-1,0.0,0.0,0.047048615885041896,0.00973835055414888,0.024444552226524197,0.15959108377356274,0.010877666130593015,0.0,0.1311953731096126,0.13629498643254048,0.0,0.05387850142011836,0.0,0.0584310935343662,0.3495631114670722,0.0
AACAGGGGTTCTCCTG-1,0.0,0.0,0.17330225952060255,0.0,0.0,0.04517608276527907,0.00840538678139655,0.04599479259326214,0.016106620501626638,0.05802909983637075,0.0,0.070280832485808,0.0,0.0,0.11932672030549651,0.0
GAGATGGAGGCGATAC-9,0.0,0.0,0.20539919627185244,0.0,0.0,0.03949201497411305,0.007354713433721982,0.0,0.015666030722833936,0.06589035600460696,0.0,0.04319548074092898,0.0,0.0,0.09625553007518382,0.0
CTGCTCAGTCGATTAC-7,0.0,0.37339305086622954,0.0,0.07661913436967668,0.0,0.0,0.0,0.1670955589161135,0.12433877480089371,0.1310156505199903,0.0,0.11380449361908031,0.007224849933891264,0.0,0.0,0.0
CAATCGAAGGTGAGAA-53,0.0,0.0,0.20027771166349334,0.0,0.0,0.002948641045826563,0.004202693390698275,0.0,0.04075079618032444,0.06856928274616626,0.0,0.06097216544473193,0.0,0.0,0.08293512024619289,0.0
TGCACGGTCACACCGG-1,0.0,0.0,0.0,0.00973835055414888,0.024444552226524197,0.09331193655495612,0.0,0.0,0.07755874088776094,0.06952339315993174,0.0,0.04115210044479627,0.0,0.0584310935343662,0.10961814758865777,0.0
AAGGAATCAAGCGGAT-57,0.026714576629053535,0.0,0.09191080623996233,0.0,0.0,0.03949201497411305,0.0,0.0,0.012444706622508605,0.08236988024522805,0.0,0.06038931061415939,0.0,0.0,0.08440765575429911,0.0
CGGGTGTAGTCAATCC-60,0.0,0.0,0.0985121172243262,0.005284668127129045,0.0,0.0,0.029449609577855747,0.0,0.026408132501046948,0.0,0.0,0.0,0.0011549280360184232,0.0,0.0,0.0
GGATGTTGTTCACCGG-1,0.0,0.0,0.0,0.0,0.0,0.04607401746979856,0.0,0.0,0.014518824392926706,0.13327890497938413,0.0,0.022490639373778158,0.004816566622594176,0.0,0.09847559838001563,0.0
CAGGCCAAGTGACACG-14,0.0,0.0,0.0,0.00852105673488027,0.021388983198208672,0.0816479444855866,0.0,0.0,0.06222658110122149,0.0989282589758946,0.0,0.07502156567750091,0.002408283311297088,0.051127206842570425,0.07518209907852733,0.0
GACGTTATCGCCTTTG-56,0.0,0.0,0.2531544113110111,0.0,0.0,0.07282470143467264,0.022657632547321668,0.0,0.04262542948084797,0.0442745902842737,0.0,0.0038928019601199544,0.0,0.0,0.08440765575429911,0.0
ATCGGCGTCATCCCGT-7,0.0,0.0,0.0,0.00243458763853722,0.006111138056631049,0.06999172981770291,0.0,0.0,0.05341295690346723,0.10082522858082604,0.0,0.009015385013666862,0.0,0.04401651856790252,0.11995619811673773,0.0
TTACAGGGTTGAAGTA-1,0.0,0.08297623352582878,0.019702423444865242,0.017026474304372596,0.0,0.05265601996548407,0.020630472382741995,0.0,0.0505462553789766,0.05182753180558717,0.1004383862518572,0.007823441709112615,0.0,0.0,0.11254354100573215,0.0
TTGGGTAAGTGATCGG-7,0.0,0.0,0.0,0.023939414632354716,0.024444552226524197,0.1525499590161257,0.0,0.0,0.10588977312249984,0.14052779642820207,0.0,0.09822238610227406,0.0,0.0584310935343662,0.27177325418276055,0.0
ACTATCTTCCCATGGG-9,0.0,0.04148811676291439,0.18477137128548912,0.008513237152186298,0.0,0.0023589128366612506,0.06021428022843613,0.0,0.014561221982437715,0.029629669969631157,0.0,0.003911720854556307,0.0,0.0,0.0,0.025597238347578526
CGTGAATAGTGCCGAA-55,0.0,0.0,0.26669980868040855,0.0,0.0,0.0338820620739593,0.005515481969803192,0.034496094444946605,0.006442648200650656,0.05124543568996443,0.0,0.020661768230608654,0.0,0.0,0.06876126016757417,0.05119447669515705
TTACTGTTCACCTCGT-58,0.0,0.0,0.07880969377946097,0.0,0.024894370191116382,0.0,0.004202693390698275,0.0,0.0,0.041818768569894374,0.07174170446561229,0.07047780431133936,0.0,0.1411157032840839,0.0,0.0
AGGCCACAGCGATCGA-7,0.0,0.0,0.0,0.0,0.0,0.019746007487056527,0.013053199356711617,0.0,0.028857895455008827,0.01943532442709519,0.0,0.009858029752235806,0.02167454980167379,0.0,0.042203827877149554,0.002162404484333637
AGCGTATTCCGTGTCT-10,0.0,0.0,0.12146801788403234,0.0,0.0,0.015383408442481802,0.0,0.0,0.002074117770418101,0.11887710912486564,0.0,0.04721519729838171,0.0,0.0,0.08168557842889436,0.0
CATTCCGCAACGATCT-7,0.19266562017656966,0.0,0.0,0.010955644373417488,0.027500121254839725,0.10792456967015221,0.0013127827685991045,0.0,0.1173488216078826,0.14884268644071985,0.0,0.04056923256150087,0.0,0.06573498022616198,0.17214541009175982,0.0
GAACTGTAGTGTACCT-57,0.0,0.04148811676291439,0.031365743923361264,0.018251587706335178,0.024444552226524197,0.2147041302638906,0.01522873258283022,0.10348828333483982,0.10374657849941153,0.08895871758702692,0.0,0.08234564239975334,0.0,0.0584310935343662,0.2633227614014522,0.0
TAACTTCCAACGAGGT-7,0.0,0.0,0.19260934899440998,0.00486917527707444,0.022891291909454835,0.10589399073864765,0.00960443319061005,0.0,0.061770286991902894,0.1406196692179802,0.0,0.04823554330362201,0.0,0.08969370531750476,0.16957268310489285,0.0
GATAGCTCAAATACGA-10,0.0,0.0,0.40629772442791834,0.0,0.0,0.0,0.018928329492989407,0.06266083459354256,0.05417222126491998,0.06827051219737672,0.0,0.07259672247516621,0.0,0.0,0.0,0.07679171504273558
GATGTTGGTGATAGTA-56,0.0,0.0,0.019702423444865242,0.00243458763853722,0.006111138056631049,0.02332798413873903,0.014103872704386188,0.1462086140515993,0.1492109932663141,0.15528125710896135,0.0,0.060682817980307655,0.0,0.01460777338359155,0.021480599736722096,0.0
CTCTCAGTCAAGATAG-51,0.17363512749550314,0.0,0.11015799698259468,0.0,0.0,0.011911848639288528,0.0,0.0,0.03121928084193395,0.10459335468177063,0.0,0.07382633095173684,0.0,0.03681682840183775,0.023695748641769397,0.0
TTCACCGAGGCCACTC-53,0.11575675166366875,0.0,0.0,0.010955644373417488,0.027500121254839725,0.17201000773977584,0.0,0.0,0.12802916464182046,0.0881807222426314,0.0,0.10169951143807936,0.0,0.09027953249405381,0.1322063217779035,0.0
GAGGCCTCATAGCACT-55,0.2315135033273375,0.0,0.0,0.002630931048135138,0.0,0.017030582867706815,0.0,0.1069957617651081,0.10865446764164081,0.055248301595870436,0.0,0.06119256692815136,0.0,0.04908910453578367,0.10663086888796229,0.0
GTAGAGGGTAAGTTAG-14,0.0,0.0,0.0,0.00973835055414888,0.024444552226524197,0.1525499590161257,0.0,0.0,0.09944712492184918,0.14899341641952527,0.0,0.0436973806398607,0.0,0.0584310935343662,0.24807750554099114,0.0
GGAGCAAAGGCGTTAG-8,0.0,0.20744058381457198,0.09449256574114161,0.043736798446297014,0.021338031592385467,0.0,0.004202693390698275,0.0,0.04077454230069156,0.035844658774195175,0.0,0.07996815082535812,0.0,0.18957672253070224,0.0,0.0
GTAATCGTCAATCCAG-8,0.0,0.0,0.05910727033459572,0.013296869744148542,0.027500121254839725,0.15763194858980972,0.003152020043023706,0.0,0.09659854643634387,0.15967101908014153,0.0,0.08294161405203046,0.0,0.06573498022616198,0.20920623982098155,0.0
ACTCCCACAGCGTAGA-7,0.013357288314526768,0.0,0.09447512502091406,0.013187001135445967,0.015277845141577623,0.05831996034684758,0.0,0.0,0.04444755792944392,0.08127971073554056,0.0,0.04978807625500682,0.0,0.03651943345897887,0.053701499341805244,0.0
TATCGCCTCGAAGCAG-56,0.0,0.0,0.0269928928631183,0.0,0.0,0.0338820620739593,0.0,0.034496094444946605,0.0,0.027739122842813012,0.0,0.007785603920239909,0.0,0.0,0.045065511525804756,0.002162404484333637
CGTCCATGTTGGACTT-56,0.20257431541142032,0.0,0.031365743923361264,0.007303762915611659,0.03255876856481679,0.08388110916205371,0.010877666130593015,0.0,0.10110609271662534,0.07603898405274558,0.0,0.06731918607605164,0.0,0.18897342316193547,0.06444179921016628,0.0
CATTCCGTCAGTAGGG-8,0.02571306166883491,0.0,0.0985121172243262,0.00351183805609658,0.0,0.0,0.15151776030090797,0.0,0.026408132501046948,0.017657217283949166,0.0,0.048639905358872096,0.0,0.0,0.0,0.0
CAACGGCAGAAGGATG-55,0.0,0.0,0.10635701147708597,0.015785586288810827,0.0,0.009837349137759223,0.01094498146712984,0.26600956302939316,0.018201527478047142,0.0,0.0,0.0,0.0,0.0,0.0,0.025597238347578526
CGCATAACATGAGGGT-59,0.02857194524897941,0.0,0.0,0.00608646909634305,0.015277845141577623,0.06522782155266646,0.03274896192891297,0.06266083459354256,0.09661650593143123,0.07389504291175082,0.0,0.03257525337971904,0.0,0.03651943345897887,0.053701499341805244,0.0
GGAGGTATCACCACAA-10,0.0899957158409222,0.0,0.0,0.0,0.0,0.0005897282091653126,0.01643282331163122,0.0,0.013304277796585412,0.09566274045911481,0.0,0.05000822207572283,0.0,0.0,0.0355436229626541,0.0
AACACACAGTGACACG-53,0.0,0.0,0.0,0.0,0.010669015796192734,0.0,0.04781617285102632,0.18798250378062767,0.216771237877275,0.10925109594747803,0.0,0.0961364278058924,0.0,0.06047815855032167,0.09478299456707759,0.0
GGAGGTAGTGAAGCTG-57,0.0,0.0,0.10978010373176443,0.0,0.0,0.04517608276527907,0.013053199356711617,0.04599479259326214,0.022635542143754527,0.02116404997830797,0.0,0.0,0.0,0.0,0.06008734870107301,0.0
GCAGCTGGTCTGTGTA-55,0.2604526912432547,0.0,0.09447512502091406,0.014404294954714578,0.018333414169893147,0.14432182883174874,0.0,0.057493490741577676,0.09050201847725764,0.08997013488053203,0.0,0.08254402308885998,0.0,0.09904856275353129,0.13955098508650754,0.0
CACAGATAGACAGTCG-56,0.0,0.0,0.0,0.00852105673488027,0.021388983198208672,0.20962214069020657,0.016386219108441322,0.10348828333483982,0.12504115314100664,0.09914942462227234,0.0,0.05191608910834935,0.0,0.051127206842570425,0.3614333987258853,0.0
TCTGCCATCCTTCTGG-49,0.0,0.16595246705165756,0.08725104726072688,0.03405294860874519,0.021289935165088755,0.0,0.06078930854085709,0.0,0.02899191690292795,0.0,0.06818174571876226,0.17533675470817658,0.0,0.02189328022240198,0.10663086888796229,0.05119447669515705
GCATGATGTCAAGCGA-8,0.0,0.06418259117346234,0.1480830174963204,0.016861237929115085,0.0,0.0837096877967179,0.0,0.0,0.01866705993376291,0.14011266909027417,0.0,0.03993199727289265,0.014753036669256515,0.0,0.12661148363144867,0.0
CTGTGGGTCACATCAG-1,0.057878375831834375,0.0,0.11821454066919145,0.0,0.0,0.003970616213096176,0.006304040086047412,0.0,0.017922849848070414,0.009966904937708203,0.0,0.011695833804293957,0.0,0.012272276133945917,0.0355436229626541,0.0
AGGTTACAGATCGACG-57,0.0,0.0,0.13791696411405668,0.0,0.010669015796192734,0.0,0.007354713433721982,0.0,0.0,0.12455571380911781,0.0,0.06674471224819466,0.0,0.06047815855032167,0.0,0.0
TCTCTGGGTTCCTACC-10,0.17363512749550314,0.0,0.01349644643155915,0.0,0.017781692993654556,0.03413363961299492,0.0,0.0,0.02477663264128329,0.11323740012036647,0.0,0.11990850870262114,0.0,0.13761375931904052,0.0,0.0
AGGATAACATCTTAGG-56,0.0,0.3319049341033151,0.14520743353230972,0.07419236631383343,0.015277845141577623,0.05831996034684758,0.01283063976440322,0.0,0.0686506254026225,0.0638505481702926,0.0,0.07179895407111518,0.0,0.03651943345897887,0.10109299662534403,0.0
AGGGTGATCCTCTCTT-56,0.18003940583575603,0.0,0.0269928928631183,0.0,0.024894370191116382,0.10958741864807026,0.013053199356711617,0.10348828333483982,0.039153297237943384,0.1094681246269187,0.0,0.08532547181333419,0.0,0.16566025555197572,0.1351965345774143,0.0
