,AC096536.3,AC099788.1,AC099792.1,AC103591.3,AC104170.1,AC104459.1,AC117944.1,AC119674.1,ADGRL2,AGBL4,AJAP1,AK5,AL033530.1,AL034417.2,AL034417.4,AL078459.1,AL136234.1,AL138799.4,AL138930.1,AL139294.1,AL450992.1,AL513323.1,AL591043.2,ANGPTL3,APCS,APOA2,ARHGAP29-AS1,ATP1A1,ATP1A1-AS1,C1orf112,CACHD1,CCDC30,CD247,CLCA4-AS1,CLIC4,CRP,CTH,DAB1,DNAJB4,DNAJC6,DNM3,DPYD-AS1,EDN2,EFNA1,EPHB2,ERICH3,EXTL1,F3,FAM102B,FCRL1,FCRL5,FDPS,FHAD1,FLG-AS1,FMO3,FMO5,FOXJ3,GADD45A,GBP1,GBP2,GBP5,GNG12-AS1,HMGCS2,HSD17B7,HSPA6,HSPG2,IFI44L,IGSF21,IL12RB2,JUN,KANK4,KAZN,KCNAB2,KIAA0040,KIRREL1,LEPR,LINC01226,LINC01344,LINC01362,LINC01708,LINC01767,LINC01781,LINC02606,LINC02607,LINC02795,LINC02798,LRP8,LRRC7,LRRIQ3,MAB21L3,MAN1C1,MCL1,MFSD2A,MROH9,MUC1,MYOCOS,NEGR1,NFIA-AS2,ORC1,PAPPA2,PBX1,PDE4B,PER3,PKN2-AS1,PLA2G2A,PLPP3,PRAMEF10,PRAMEF33,PRDM16,PRKAA2,PTGFR,PYHIN1,RAB3B,RAD54L,RASAL2,RIT1,ROR1,RUNX3,S100A6,SCP2,SELL,SGIP1,SLAMF7,SLC16A1,SLC22A15,SLC25A33,SLC44A3,SLC44A5,SLC9C2,SORT1,SPAG17,SPSB1,SPTA1,ST6GALNAC3,SUCO,TBX15,TGFBR3,TMEM51,TMEM51-AS1,TP73,TTLL7,TXNIP,UAP1,VTCN1,WDR78,WLS,XCL2,ZRANB2-AS2,ZSWIM5,ZYG11A
ATF2,0.15823343,0.16389842,0.16500302,0.17811556,0.18568674,0.1715082,0.16248065,0.15284121,0.1640184,0.1678849,0.15323992,0.14166024,0.15213373,0.17792162,0.1881415,0.17401649,0.1701885,0.1653287,0.17335495,0.16148968,0.16327924,0.15521227,0.1747714,0.17814462,0.15012974,0.1831644,0.16968818,0.17330848,0.16674542,0.17745475,0.16265918,0.15850188,0.18509941,0.16052534,0.18605162,0.17739384,0.15907885,0.18359874,0.16534981,0.1461317,0.16797017,0.15529323,0.16103537,0.1783447,0.16956814,0.17785344,0.15730138,0.17299257,0.15696809,0.1876624,0.16314575,0.17419863,0.15486127,0.14810638,0.15955727,0.19712444,0.1755458,0.16817144,0.1757074,0.1744536,0.14945336,0.16730444,0.13540994,0.15747827,0.14750595,0.18487762,0.14728051,0.18234237,0.17207523,0.17479815,0.16762383,0.15701364,0.15065709,0.13274996,0.14629729,0.17637971,0.17434007,0.1777918,0.17355014,0.17631532,0.15232904,0.16713831,0.16939819,0.16439599,0.15168081,0.17679313,0.1684017,0.152864,0.14979726,0.16600472,0.16682863,0.19333926,0.16278219,0.15710951,0.1817643,0.15767449,0.16509072,0.17114125,0.14987744,0.17495407,0.17267916,0.16955633,0.15900195,0.13943443,0.1615523,0.1697403,0.16083327,0.1894122,0.15058722,0.15616786,0.15211247,0.18602459,0.14363402,0.18327552,0.13858129,0.17212844,0.1752806,0.1669973,0.1712013,0.16792612,0.14940934,0.16686018,0.18344328,0.15430683,0.16806667,0.16452461,0.17957248,0.15697965,0.188517,0.17726444,0.1538249,0.15881889,0.16352381,0.14896598,0.15477474,0.16664739,0.17452994,0.17053011,0.18122628,0.16603352,0.15538584,0.17162384,0.16703044,0.14781053,0.153573,0.17581593,0.17170411,0.17698187,0.17314994,0.14852367
ATF3,0.15899363,0.17491879,0.1868514,0.18048507,0.16239181,0.15255536,0.17301135,0.15880409,0.15936272,0.15116216,0.17934558,0.1300822,0.1696038,0.17744525,0.17148624,0.17404567,0.18074103,0.16164885,0.1650115,0.17449144,0.17812255,0.1664859,0.16609672,0.19771227,0.15685497,0.16240728,0.17962073,0.14121279,0.16899072,0.18136004,0.17539412,0.1622458,0.1695327,0.1774155,0.1623238,0.15173492,0.17910554,0.15246063,0.15108971,0.17195028,0.16995707,0.175757,0.18817332,0.14551517,0.16265342,0.15637216,0.15394834,0.18933031,0.17754164,0.16679054,0.16598158,0.1625671,0.19053763,0.1705285,0.1263379,0.1550341,0.17581747,0.17746927,0.18122074,0.18296583,0.16208807,0.16611598,0.15144168,0.16147944,0.15567234,0.18498427,0.14587067,0.1783831,0.166838,0.1726018,0.15970002,0.13267079,0.15465946,0.15911987,0.15860586,0.14735135,0.17700502,0.15676755,0.1903303,0.16475974,0.16883007,0.14582159,0.15693052,0.16975956,0.179035,0.17944604,0.17089793,0.16076,0.16451924,0.13056229,0.18131602,0.17392851,0.12687999,0.16861275,0.13873418,0.17614627,0.17699397,0.17725028,0.17945395,0.1596538,0.17410256,0.15254873,0.15644142,0.15507072,0.18081312,0.17821522,0.13558504,0.18561637,0.17394224,0.20352933,0.14748764,0.1732817,0.16895117,0.16739489,0.17113471,0.17658901,0.1679108,0.1570504,0.16197895,0.17768961,0.16235794,0.1604765,0.1616257,0.15963918,0.15791436,0.14075384,0.19447787,0.1875066,0.15312387,0.16020668,0.15961434,0.13267234,0.15102579,0.16385286,0.16915536,0.15678452,0.18227594,0.19461052,0.157783,0.15219592,0.17026085,0.17118855,0.16144057,0.18515944,0.16726834,0.14752819,0.15507255,0.1531472,0.17027548,0.16872393
ATF5,0.16557045,0.16911797,0.17766188,0.15682979,0.1590864,0.15931158,0.14474212,0.16492616,0.15528138,0.14622647,0.16499999,0.162002,0.18036994,0.16216974,0.13997501,0.17415367,0.15154935,0.18288308,0.16004303,0.15145041,0.18257079,0.16294663,0.15908016,0.17086111,0.16067123,0.15518105,0.16601218,0.14911976,0.17136972,0.15872487,0.16746496,0.162542,0.15976892,0.15500936,0.17218997,0.15876667,0.1921575,0.1720543,0.15971087,0.1671027,0.1743476,0.18949105,0.17259814,0.16671625,0.16942926,0.18994002,0.16134371,0.172724,0.17064895,0.1717387,0.1697206,0.15376097,0.18456072,0.17950013,0.16362788,0.16365513,0.17032845,0.18413076,0.17003366,0.1653456,0.18092102,0.1664432,0.15217681,0.15703753,0.14992407,0.1572869,0.1605495,0.16973898,0.18108903,0.16212136,0.1819448,0.13554934,0.16300385,0.18062364,0.13905433,0.16475382,0.1599245,0.17396423,0.14150435,0.15324871,0.1588732,0.17668833,0.15532267,0.15300164,0.18578558,0.16971175,0.17717668,0.14987066,0.14822951,0.12946501,0.16698773,0.14647864,0.14968373,0.16886453,0.15565819,0.16972668,0.15333238,0.1420278,0.19144198,0.17222005,0.16307525,0.17955703,0.15645458,0.15433101,0.16927645,0.17560826,0.15588951,0.17094156,0.20902419,0.19568454,0.16681196,0.17853078,0.1729542,0.1754033,0.18327086,0.15060347,0.16016401,0.15207916,0.18869862,0.1823221,0.17082623,0.18836278,0.16579652,0.17779052,0.14871378,0.17131676,0.17295498,0.17608549,0.14312156,0.16853963,0.18815146,0.17888677,0.16243309,0.18203466,0.16234304,0.14931342,0.16355047,0.16386744,0.16451526,0.14334781,0.15591723,0.15128936,0.1756194,0.15318978,0.15768139,0.18163176,0.15782747,0.15574594,0.17145947,0.16548838
CEBPA,0.16959931,0.16684853,0.17847006,0.16981283,0.17502062,0.1709824,0.17088817,0.16345106,0.13546714,0.178537,0.17169887,0.16977695,0.15634336,0.17888887,0.16713004,0.18439144,0.15075642,0.15943387,0.1560052,0.16522072,0.15157264,0.15576865,0.17673631,0.15323873,0.18121971,0.16985135,0.17281339,0.16632606,0.15029535,0.16891825,0.1715801,0.17754054,0.15938166,0.17116141,0.122547425,0.18348014,0.17286353,0.16425614,0.16084196,0.17334476,0.17103757,0.18014634,0.16886461,0.17393285,0.17130879,0.16344774,0.15904197,0.15622257,0.1763447,0.16149637,0.16748416,0.17572854,0.16826715,0.14903665,0.1716161,0.17497492,0.15259966,0.15272835,0.15834504,0.16488647,0.17219211,0.17718259,0.18180528,0.15242934,0.17728853,0.16296428,0.17747624,0.1489636,0.19489889,0.148609,0.1607219,0.17673814,0.16723342,0.16582876,0.16217619,0.16735418,0.17001133,0.17982511,0.16959043,0.17887087,0.1760827,0.15803935,0.15552415,0.15624094,0.17198685,0.17633843,0.17087132,0.14375032,0.1718389,0.118845776,0.17561373,0.15003747,0.18405919,0.1686741,0.18069911,0.16360666,0.14771691,0.16033815,0.16124152,0.15719475,0.15064898,0.15519173,0.1672607,0.18633154,0.16725525,0.16816844,0.17612234,0.16374493,0.16008519,0.15299016,0.1583786,0.15790616,0.15579705,0.18261033,0.17016575,0.16050705,0.16231428,0.18330745,0.17178468,0.18863729,0.17977385,0.16478278,0.17982028,0.18266985,0.17665747,0.15794584,0.15307999,0.17502111,0.17215836,0.16119303,0.14823984,0.17162748,0.17114934,0.16157722,0.14673454,0.15575495,0.16076666,0.15003362,0.18270841,0.18149659,0.1643174,0.17951784,0.1689376,0.17346002,0.17553905,0.17932986,0.16291901,0.18391776,0.17805414,0.17342846
CEBPB,0.17358492,0.17656615,0.15510032,0.14865033,0.17201734,0.16795221,0.17848332,0.14875036,0.17375493,0.16085503,0.18973674,0.157091,0.16448426,0.17026837,0.16972874,0.1510013,0.15823677,0.20009516,0.17805374,0.16030893,0.17854778,0.17734316,0.15740557,0.17032379,0.15766504,0.15759869,0.1528216,0.14512226,0.17283267,0.15830413,0.1717851,0.16741964,0.15379156,0.18053037,0.16577731,0.1770748,0.15905525,0.18597364,0.1729549,0.17585449,0.1366564,0.18150869,0.20025225,0.16532026,0.14015852,0.13893595,0.16408102,0.19639342,0.1656253,0.1672834,0.18854004,0.18369448,0.16643451,0.17069487,0.15778594,0.14799045,0.17947459,0.16005401,0.13794543,0.16061592,0.16643801,0.18744953,0.14855984,0.16697,0.15510118,0.14921558,0.17060007,0.15969284,0.19203232,0.16503233,0.17345881,0.1533669,0.17009129,0.16956864,0.13506229,0.1474573,0.17421855,0.17000309,0.18474773,0.16736414,0.16883588,0.16994394,0.18852235,0.14984223,0.18497285,0.16055642,0.16043542,0.18277007,0.1432947,0.18059346,0.15058011,0.16329597,0.17518829,0.16157229,0.18248084,0.16417299,0.13647474,0.1596195,0.17149948,0.18592967,0.1663736,0.16225216,0.19663559,0.16081999,0.15356849,0.17093989,0.16593735,0.14468914,0.16009393,0.19265597,0.16895773,0.17290027,0.18516433,0.14430517,0.16130899,0.18894081,0.18158092,0.16685216,0.18728943,0.15733574,0.15151656,0.15302075,0.17679141,0.17560716,0.17214666,0.14809175,0.15995894,0.1687576,0.15746345,0.17336665,0.13794199,0.17398936,0.18013372,0.14593105,0.15230769,0.16761903,0.1606644,0.17839141,0.15759146,0.1621368,0.1667804,0.17984219,0.1771668,0.17610312,0.16973914,0.19247708,0.17419231,0.18965799,0.15769175,0.16854595
CREB1,0.17097068,0.17284074,0.17865346,0.18012957,0.15016088,0.16900122,0.19202296,0.16095822,0.15317193,0.18769343,0.19522677,0.15196468,0.17005888,0.15998375,0.16426896,0.14769055,0.16280079,0.19644623,0.18547788,0.17255297,0.17467624,0.15447009,0.17883168,0.1787933,0.17646946,0.15811601,0.18508376,0.18990892,0.17123353,0.15152554,0.15755266,0.14655554,0.16122013,0.16202553,0.16941343,0.16565013,0.17634644,0.1713233,0.18655106,0.17193305,0.17088674,0.16816041,0.17518245,0.16106227,0.17181611,0.16451462,0.17514879,0.15457693,0.16255672,0.18739757,0.16721189,0.16453993,0.1707383,0.18777369,0.1664181,0.14846887,0.16591243,0.17734748,0.13886704,0.15470761,0.16626854,0.17922708,0.16614582,0.1482182,0.14022681,0.15382965,0.17104386,0.18492903,0.20190987,0.1534927,0.17761731,0.14230135,0.18181941,0.1605616,0.1635813,0.166028,0.16489333,0.17720075,0.15543336,0.16845258,0.14435709,0.16195232,0.18054987,0.17684676,0.16706997,0.16394526,0.17597087,0.16275458,0.15048818,0.16115929,0.1463332,0.17758255,0.18190092,0.19379434,0.16067378,0.16778497,0.18894339,0.17371234,0.15410261,0.18527071,0.17003152,0.15493317,0.17301972,0.16936602,0.1715621,0.17400445,0.16773263,0.18488835,0.16540052,0.1737668,0.17112294,0.18593472,0.15145108,0.18507251,0.19841588,0.14460616,0.15867035,0.16617978,0.16203499,0.17882799,0.17642078,0.1530193,0.17884138,0.18600556,0.16641429,0.19775634,0.16851276,0.16437367,0.19142455,0.17448758,0.17526236,0.15564018,0.17257132,0.16599888,0.18001156,0.16098368,0.1632151,0.1740042,0.17240353,0.15771353,0.1840788,0.14739886,0.16599244,0.19041501,0.189451,0.15491803,0.16447246,0.17304856,0.1599343,0.1503425
CTNNB1,0.15070419,0.17042065,0.17431767,0.15821628,0.14925785,0.1595983,0.1761114,0.16779429,0.17042953,0.16081215,0.14359365,0.16838022,0.15516241,0.16352552,0.16281292,0.18673837,0.18334094,0.16678898,0.17014122,0.17517817,0.15289634,0.17741677,0.16849694,0.16091572,0.16266498,0.16980042,0.16546565,0.17221002,0.19059299,0.14940968,0.18255426,0.14871563,0.14358342,0.1744874,0.1756135,0.1596538,0.1733257,0.16772898,0.16933516,0.16625093,0.16922297,0.19147186,0.14718537,0.16468443,0.16350721,0.18056189,0.14844733,0.16708586,0.15536965,0.16448885,0.14363833,0.17398708,0.17408709,0.16249804,0.15315211,0.17114146,0.19757935,0.17724693,0.1548333,0.1706056,0.1425091,0.17764173,0.16141751,0.17224184,0.16947807,0.17649302,0.18219942,0.16974068,0.17957059,0.14756505,0.15132077,0.15375541,0.16277087,0.1657989,0.17156872,0.16636446,0.16255513,0.16325541,0.16991182,0.1837866,0.14331645,0.17555448,0.18257834,0.16914123,0.16556025,0.14545365,0.15016603,0.1636995,0.1767854,0.17875293,0.18204328,0.16936794,0.15686746,0.15626061,0.14924175,0.18725573,0.16514975,0.19178362,0.15021662,0.1710925,0.15958554,0.18377751,0.16234434,0.17557445,0.15958919,0.16899125,0.16038501,0.17278251,0.15050709,0.15368666,0.16360533,0.17242925,0.16071483,0.1854632,0.1490708,0.16939963,0.19601257,0.18141703,0.14333966,0.1729852,0.16838004,0.1719031,0.1641378,0.15458964,0.15795363,0.16806328,0.18253723,0.17385907,0.15641339,0.17966947,0.18222499,0.16637301,0.14971715,0.13519469,0.1459212,0.17743059,0.16191283,0.1658222,0.15607928,0.15884385,0.1506469,0.16422606,0.16144753,0.15455951,0.15746816,0.16002211,0.14356455,0.1521699,0.1587715,0.1736837
E2F1,0.1435886,0.17679952,0.16809556,0.17128077,0.16808273,0.15975179,0.17764732,0.14600882,0.13885212,0.1713274,0.16019998,0.1467511,0.14766116,0.13829736,0.17526622,0.15426065,0.17561835,0.17739727,0.1765717,0.1809618,0.1482628,0.16833335,0.19757459,0.1702577,0.15876132,0.1670482,0.17326842,0.1710558,0.16270505,0.16832116,0.15539348,0.17002684,0.17247352,0.16481319,0.17783889,0.1840839,0.14296065,0.15054859,0.18063338,0.15158467,0.14963926,0.16518131,0.1682427,0.18876581,0.16903862,0.1766855,0.16477762,0.1594601,0.16278325,0.15821856,0.16391426,0.16090836,0.17644383,0.1752122,0.18636341,0.1661364,0.1859916,0.16072744,0.16006921,0.1507999,0.15161146,0.15791571,0.15580845,0.17815466,0.16382857,0.13316244,0.14952822,0.16522336,0.16946052,0.1751921,0.18426709,0.15535104,0.15806223,0.15883522,0.16490455,0.16547675,0.15451565,0.16596653,0.16462123,0.17120378,0.16416362,0.14958495,0.15796158,0.15535732,0.1735607,0.15845233,0.16277851,0.16103847,0.1822167,0.15983637,0.14870325,0.17459212,0.14389327,0.18481353,0.1516588,0.17643498,0.16284946,0.16357987,0.16213636,0.16590883,0.17642061,0.15475325,0.16809015,0.1638464,0.18127753,0.1736217,0.15238662,0.16716337,0.16491863,0.18448597,0.1857601,0.16920285,0.14457197,0.16690911,0.15045667,0.15500903,0.1818997,0.15764946,0.15720552,0.17420156,0.16891135,0.17612596,0.13794132,0.14095052,0.17461984,0.17652291,0.1823174,0.18540879,0.17139596,0.16815421,0.18570898,0.17779267,0.14790836,0.16726257,0.165163,0.17452618,0.15663823,0.17628507,0.16714197,0.15506478,0.18114775,0.18316896,0.15125215,0.12373323,0.1613252,0.14910413,0.17568159,0.15659973,0.16048266,0.18326299
E2F3,0.16301295,0.15533812,0.1541453,0.1676453,0.15365502,0.16894351,0.18109126,0.15506552,0.17611912,0.17126907,0.16186474,0.15448193,0.15062624,0.17926335,0.14623456,0.15861943,0.14430715,0.17078586,0.16260593,0.17250925,0.16346589,0.14532809,0.1696384,0.1633018,0.14832294,0.15606114,0.1746348,0.17347418,0.1758503,0.14999741,0.15489732,0.17104402,0.18006277,0.15247512,0.14760426,0.13675097,0.13266118,0.1623471,0.19048718,0.1717559,0.16139504,0.1653909,0.17510861,0.1750653,0.16465215,0.16367865,0.16181105,0.1558973,0.16869067,0.164187,0.18261059,0.19015737,0.15389478,0.17125125,0.19067751,0.17461464,0.1569952,0.16486195,0.1739213,0.1584103,0.18106472,0.16206366,0.16771372,0.15908208,0.16453537,0.14803319,0.17946243,0.17137998,0.18195345,0.15325288,0.1595367,0.16710731,0.17098345,0.17241213,0.16735198,0.16038953,0.18074429,0.1685277,0.16775799,0.16729464,0.17184862,0.16339223,0.14510354,0.14692391,0.18996286,0.16870196,0.16776578,0.16267106,0.17156969,0.16586225,0.17058524,0.1518464,0.18714206,0.1735357,0.13296032,0.17385231,0.17907506,0.15158772,0.1718481,0.17195982,0.1662461,0.19531134,0.1607162,0.165531,0.17465056,0.16260418,0.16321108,0.18445323,0.16738655,0.13537651,0.20803992,0.15793198,0.16886169,0.17195682,0.16724208,0.16485187,0.1673693,0.19809781,0.15983552,0.16732071,0.14096707,0.15280618,0.16484295,0.17219944,0.1652711,0.15482317,0.17683226,0.15842125,0.17619398,0.16083819,0.17988417,0.17976673,0.15990223,0.16894813,0.13876247,0.1813755,0.18256481,0.18912493,0.16267064,0.16220246,0.16955106,0.16292211,0.15017857,0.17729722,0.1772193,0.19156942,0.1435607,0.15769477,0.16987978,0.15271464
FOXA1,0.18351685,0.17454292,0.15336284,0.1532418,0.17807303,0.14636454,0.19346878,0.17815922,0.16753611,0.17381246,0.18948232,0.15692298,0.18134013,0.18397643,0.18282023,0.16973831,0.17679797,0.15070793,0.1787481,0.15642336,0.17135066,0.1607554,0.14941874,0.15058178,0.12676321,0.17974953,0.15447627,0.17706423,0.18595396,0.15020983,0.15104388,0.20634657,0.14652312,0.16665962,0.17866889,0.15638421,0.16005158,0.15257493,0.16780834,0.16875196,0.15123126,0.17759947,0.1616017,0.16982238,0.15863086,0.15356503,0.17205778,0.15575697,0.16515507,0.17073703,0.16488415,0.141974,0.17488909,0.17023022,0.14568439,0.14735465,0.19138029,0.1583453,0.1716339,0.18144011,0.1648842,0.1621884,0.16335559,0.17466278,0.17253204,0.15287635,0.17674576,0.1809798,0.18534178,0.17988567,0.19325443,0.16359015,0.15895534,0.148472,0.17112236,0.16032442,0.14619054,0.14906469,0.15700373,0.17481263,0.16514651,0.1546218,0.1678421,0.1644157,0.1738316,0.15103923,0.17435367,0.17932202,0.16097558,0.18048756,0.15316014,0.17197609,0.17693096,0.1704645,0.1730006,0.17111042,0.15613098,0.16007459,0.1580773,0.16392115,0.18798277,0.1406221,0.16976206,0.1783912,0.17351891,0.1701593,0.17250876,0.15963255,0.16622585,0.1861356,0.18322913,0.1575041,0.170104,0.14006762,0.15273789,0.154926,0.16348548,0.16141012,0.16420089,0.15717492,0.15790808,0.15808107,0.15536028,0.14518446,0.16789618,0.15376431,0.1752118,0.17374218,0.15241629,0.16562778,0.15068467,0.16938072,0.1615553,0.15689613,0.17272294,0.14636067,0.16232757,0.16273916,0.18139616,0.16219546,0.16475639,0.17664574,0.17644233,0.1673544,0.15759598,0.17400454,0.17096928,0.16373867,0.17749672,0.18873355
FOXA2,0.15419377,0.16806257,0.14410035,0.14245784,0.17639373,0.1583497,0.14534156,0.18077299,0.15491706,0.16817513,0.1814207,0.17420009,0.1768678,0.15275636,0.18377139,0.17242667,0.16263032,0.18589969,0.16174327,0.16386086,0.16617644,0.15913549,0.16867611,0.17270614,0.16543965,0.14579642,0.17471607,0.16108173,0.17455451,0.18994056,0.15724595,0.14936244,0.16046405,0.16764288,0.17757778,0.18257798,0.16417335,0.14352822,0.15616645,0.16888961,0.16844778,0.18111095,0.14421467,0.17880866,0.1671556,0.16516963,0.15667744,0.17307197,0.16750354,0.17237005,0.15766083,0.15612072,0.17222005,0.1541015,0.16147614,0.18176721,0.18797156,0.14724737,0.16293709,0.1776741,0.18317436,0.1522624,0.16172875,0.15955259,0.17064819,0.16773976,0.18582155,0.17947324,0.15786903,0.17808491,0.1689646,0.15879902,0.1686036,0.16830686,0.1602256,0.17183313,0.14348917,0.18009134,0.17120942,0.17247787,0.18655811,0.1747772,0.15984684,0.16064017,0.16243264,0.15341197,0.15294494,0.17564608,0.1593164,0.15605271,0.1603813,0.17764427,0.16686228,0.16935623,0.16865626,0.15972559,0.17591783,0.17273234,0.17915553,0.16020943,0.15197738,0.16709594,0.1746238,0.17307606,0.17624502,0.1861139,0.16549505,0.16657029,0.15588334,0.16573699,0.18037434,0.17026973,0.1804529,0.16912864,0.17908946,0.15913537,0.17234391,0.17614368,0.15795024,0.15641287,0.13413015,0.16980895,0.1533276,0.17029265,0.16718894,0.15782455,0.15020937,0.15915896,0.1544927,0.17220162,0.16191295,0.19036183,0.17241634,0.17938504,0.15428922,0.17073798,0.16590674,0.16545042,0.15205912,0.16395593,0.17600988,0.16163115,0.16750559,0.18252501,0.16572647,0.15308192,0.1786263,0.15800063,0.15091473,0.1695908
FOXA3,0.14853863,0.14446697,0.18602595,0.16692425,0.16871162,0.17378943,0.18264203,0.18253791,0.18081208,0.16967362,0.1753839,0.18544069,0.15913375,0.17156054,0.16413777,0.1915828,0.16853717,0.14385645,0.1848675,0.15805918,0.17339784,0.17672767,0.18912317,0.18309534,0.17111616,0.14246364,0.16444482,0.15311652,0.17003293,0.15561752,0.15694626,0.18061407,0.17741574,0.1633089,0.16561352,0.17830625,0.20370428,0.17432247,0.18331559,0.15383008,0.15185606,0.15117931,0.18160565,0.16832009,0.1889864,0.16393033,0.16515556,0.18664156,0.17655921,0.15820125,0.16940328,0.1725479,0.15474382,0.19667467,0.13937174,0.16340488,0.18284094,0.17986213,0.1581506,0.16572678,0.1615203,0.17810297,0.14711183,0.18346074,0.16090877,0.18108107,0.16468583,0.1705997,0.19980538,0.1841467,0.17594127,0.18142347,0.16081001,0.12794374,0.15310554,0.15597802,0.15572421,0.16612664,0.18078628,0.17106123,0.16892996,0.17429279,0.16436619,0.17499663,0.17751247,0.16472054,0.16243005,0.15749462,0.18867983,0.17218876,0.17510644,0.15438148,0.17463224,0.16215523,0.17100172,0.15615328,0.16422339,0.16106218,0.14566319,0.19059895,0.1647921,0.19473079,0.16657162,0.17668122,0.14679448,0.15445499,0.17018962,0.17407042,0.16717713,0.16113268,0.16213036,0.18195342,0.16459759,0.15977293,0.18176007,0.15281618,0.14728773,0.151986,0.1803182,0.16427878,0.16129795,0.16668767,0.15026443,0.17624505,0.17697155,0.16971005,0.16588195,0.17216328,0.17592281,0.18933114,0.15583536,0.18129778,0.17439237,0.18103871,0.16139625,0.1604091,0.14386672,0.16812912,0.17818165,0.18130314,0.15090942,0.172318,0.16375823,0.17097752,0.1842942,0.15289506,0.17664193,0.15633012,0.1524106,0.16773427
GATA4,0.17929892,0.15373583,0.17117822,0.1718348,0.17572084,0.16479252,0.17058477,0.17125499,0.1918686,0.18829821,0.13651577,0.17685317,0.13623856,0.17660317,0.18465604,0.1292799,0.15437844,0.17841645,0.19122636,0.17323814,0.15151922,0.18075469,0.17702287,0.16681488,0.15660815,0.16615403,0.14022215,0.16027004,0.16688964,0.1776312,0.16545227,0.17438991,0.14959773,0.17774256,0.17967236,0.14312525,0.18127385,0.17135476,0.16154271,0.16851959,0.16831276,0.1940649,0.12922315,0.1569443,0.17772765,0.16604975,0.15646249,0.18155594,0.16156565,0.15279016,0.1615745,0.1755123,0.15358779,0.14626318,0.1647143,0.1456455,0.176858,0.156686,0.13510999,0.15391932,0.1692797,0.16309208,0.16418865,0.1654461,0.16486587,0.15576488,0.1493338,0.16797882,0.18851356,0.1726457,0.15975358,0.16899702,0.16327965,0.16845135,0.15578419,0.17454429,0.18189834,0.19294484,0.16311477,0.18457958,0.17348279,0.16052885,0.17491017,0.1377829,0.1572871,0.1646075,0.1857991,0.15679605,0.15622976,0.17430656,0.15822996,0.18026175,0.1931049,0.16661702,0.14895675,0.16879702,0.14432673,0.17577796,0.15241815,0.1372069,0.15788111,0.18145733,0.18070841,0.1706736,0.20138602,0.16456911,0.19210672,0.19402203,0.18481883,0.16571319,0.17121258,0.16441701,0.15741341,0.16932946,0.17151885,0.15590344,0.16252545,0.17399792,0.13652481,0.18114716,0.15624474,0.18548903,0.17704034,0.14879075,0.18992051,0.15910628,0.16007683,0.1633595,0.17674784,0.1986027,0.16013896,0.18326671,0.12052962,0.17620365,0.18021089,0.18679817,0.15806642,0.15066881,0.1626349,0.182193,0.17614852,0.16778663,0.17296913,0.16533265,0.14335197,0.16655461,0.17469834,0.19309063,0.18917271,0.14924493
GATA6,0.17201325,0.19180185,0.16971816,0.17146343,0.18610269,0.18363634,0.18582334,0.16428111,0.15422714,0.16057737,0.17298602,0.1839943,0.1618923,0.14403819,0.17537324,0.15492246,0.15642549,0.15852354,0.16766287,0.15886709,0.151546,0.17590599,0.15059996,0.17851906,0.18168451,0.17728025,0.14652424,0.16918513,0.1443679,0.17428352,0.149503,0.1582479,0.20046155,0.17983371,0.16861798,0.18284154,0.1362364,0.1638713,0.18753758,0.16551489,0.16057722,0.18172707,0.17083263,0.16754441,0.18250598,0.1538366,0.18346497,0.15391517,0.1554635,0.16267702,0.16992901,0.1871732,0.17279772,0.1761226,0.16666663,0.14965783,0.1577946,0.17362417,0.16735724,0.15926397,0.16838475,0.18976332,0.15570171,0.17463055,0.15764521,0.15283635,0.15846491,0.17577499,0.15710954,0.15771773,0.15341589,0.17914417,0.16320282,0.16039102,0.16952953,0.17655306,0.19080375,0.16230579,0.16513087,0.18224618,0.16463843,0.16398604,0.14464357,0.16541375,0.17698176,0.17803565,0.18185371,0.16122313,0.16342498,0.17049105,0.18966053,0.17403953,0.18250118,0.17508462,0.16285814,0.17820056,0.1677822,0.15298782,0.17444235,0.15869462,0.16772756,0.16567783,0.16761646,0.17728612,0.16594732,0.17103286,0.17389978,0.16191772,0.16821162,0.16190678,0.17244723,0.1782567,0.17769219,0.18069603,0.15874135,0.16290878,0.15977918,0.19158486,0.1825195,0.148883,0.17084599,0.1670684,0.17348394,0.18244235,0.16808437,0.16714847,0.16728993,0.15136488,0.15718107,0.15422373,0.15412991,0.17837301,0.16085899,0.16136819,0.16079713,0.18832678,0.1748044,0.15796328,0.1842146,0.16724162,0.1688557,0.17072953,0.17268959,0.18464372,0.17163685,0.18405773,0.14721513,0.14235404,0.18079643,0.13900557
HNF1A,0.14758566,0.15419666,0.15769613,0.17498426,0.15380636,0.1700009,0.18010992,0.16745944,0.17092602,0.16608746,0.17521313,0.1784442,0.15411614,0.1565271,0.15851924,0.15803313,0.1569786,0.17440386,0.14515328,0.16503634,0.17574124,0.16185296,0.1612123,0.17441387,0.18670456,0.17074092,0.15962902,0.18543765,0.17549887,0.18850403,0.15269051,0.17000479,0.14915536,0.16127525,0.173241,0.14611098,0.16970149,0.1943456,0.19447775,0.1798191,0.15333112,0.14745754,0.17285676,0.164812,0.184728,0.16614741,0.15564969,0.161092,0.14488338,0.16597162,0.16266567,0.17615351,0.17011125,0.17163649,0.16215639,0.1883845,0.14887565,0.17510264,0.1668517,0.17682722,0.19699615,0.188076,0.14376163,0.14878938,0.18569621,0.16035017,0.17737564,0.1721821,0.17177434,0.16517828,0.17262274,0.17424524,0.16729647,0.15934113,0.17663646,0.18784025,0.1464719,0.16203439,0.1617985,0.1663415,0.15686303,0.17778392,0.15709361,0.16436131,0.16729756,0.18592702,0.1574169,0.16127841,0.17385858,0.14409237,0.17040531,0.15238608,0.16621168,0.17345157,0.17747349,0.16508542,0.19750336,0.14857782,0.16786817,0.15958846,0.1537038,0.15293534,0.15077238,0.13445213,0.14277332,0.15817556,0.1666405,0.17719716,0.15954861,0.16705182,0.17601357,0.14836295,0.17923833,0.18186283,0.16703965,0.14468913,0.18889593,0.15672861,0.14440274,0.15637386,0.17258263,0.15147218,0.15662694,0.16029212,0.16378063,0.15555453,0.18222734,0.15007307,0.18952681,0.18026966,0.15568778,0.14187166,0.18193804,0.19013456,0.17410171,0.19012782,0.16561733,0.15912032,0.17614612,0.17434555,0.16615763,0.1975199,0.13987511,0.17433216,0.15143187,0.15372948,0.16202614,0.15571295,0.17279664,0.17184429
HNF1B,0.175935,0.1819111,0.16173702,0.15685388,0.18597792,0.17770259,0.16475388,0.16307758,0.16225527,0.17576104,0.13660696,0.16801417,0.18405406,0.15513137,0.16437238,0.17405233,0.16795516,0.15179107,0.18003164,0.15711464,0.17197403,0.18037906,0.16403331,0.17327407,0.15748441,0.18688594,0.17063351,0.164649,0.15584052,0.1569703,0.15621056,0.1852597,0.1397001,0.16123445,0.17060608,0.15956946,0.17532274,0.16673172,0.17032081,0.17759317,0.15545122,0.16438285,0.17157054,0.16411392,0.13940687,0.16015208,0.17513804,0.17881104,0.18804413,0.17422856,0.19401701,0.1693426,0.17542459,0.15579577,0.1698161,0.18968931,0.14979786,0.15281157,0.17056312,0.17639689,0.15076995,0.1468886,0.17967165,0.1602768,0.14699051,0.18208192,0.14760269,0.15609647,0.15472081,0.1801422,0.16719826,0.15855926,0.18294175,0.17615153,0.15355541,0.16828987,0.15856229,0.18904646,0.1631184,0.16455542,0.1781568,0.16066423,0.12336918,0.1585736,0.15571918,0.1755158,0.16860506,0.1622148,0.17678843,0.16595268,0.19981717,0.18864201,0.15489742,0.1740373,0.12878764,0.14866076,0.14212343,0.16330448,0.15760548,0.1777137,0.1744509,0.17128593,0.15144406,0.19012444,0.14911938,0.15501451,0.17781387,0.16122033,0.15801398,0.18083379,0.18630928,0.16719343,0.153141,0.16168581,0.15784489,0.15650532,0.17376362,0.1564573,0.18586946,0.16451207,0.16792151,0.15770897,0.18723112,0.1673627,0.15934147,0.15538202,0.15950274,0.1616809,0.1392756,0.18328543,0.17253242,0.16361994,0.1554985,0.17277561,0.16061352,0.18154909,0.17297387,0.14712474,0.16121612,0.18534514,0.15613343,0.16914225,0.15856731,0.16285945,0.190145,0.14292422,0.1634209,0.15727934,0.16031061,0.17563777
HNF4A,0.17316827,0.15591535,0.16764936,0.1720053,0.17432162,0.17339875,0.16464902,0.16741037,0.17976978,0.16742207,0.16367592,0.17888151,0.17724772,0.13520432,0.16786234,0.1847643,0.14987375,0.16958189,0.17384359,0.17596075,0.14577232,0.17470421,0.13966526,0.15313038,0.17693688,0.15740651,0.15252215,0.15670036,0.17224947,0.18476328,0.18380871,0.16386949,0.14900781,0.18399829,0.16988502,0.15543701,0.14457576,0.15646195,0.18942362,0.17295972,0.148354,0.16179095,0.17403781,0.1590638,0.17308618,0.1526953,0.15596068,0.16054174,0.16721998,0.16275164,0.15502238,0.15530287,0.17542267,0.1542008,0.16754916,0.18128088,0.15022826,0.13150498,0.15802859,0.13970567,0.1899079,0.16965911,0.17515406,0.15509914,0.16903846,0.14338018,0.17408685,0.17537618,0.15746279,0.17856051,0.1415714,0.15461975,0.14897622,0.16341239,0.16886532,0.17086694,0.15830654,0.18204796,0.17292172,0.16122778,0.17724526,0.1715051,0.1831617,0.15767176,0.18631224,0.18540601,0.174798,0.19629851,0.18526083,0.15396558,0.15235849,0.1714503,0.16435707,0.16182314,0.1610028,0.17243701,0.17444037,0.152743,0.15040964,0.13886926,0.13740873,0.14382072,0.17491406,0.16747871,0.16247593,0.1576341,0.16922155,0.19141294,0.17782533,0.16680315,0.16234429,0.18616465,0.15320294,0.15488647,0.16306542,0.185855,0.15841438,0.17035986,0.1394258,0.17452036,0.15520577,0.17088482,0.14660993,0.156384,0.15579866,0.15289877,0.18159443,0.15685657,0.17566425,0.16664512,0.17084175,0.17989281,0.17572592,0.18506125,0.18432432,0.17085513,0.1650342,0.19566827,0.18170002,0.1485904,0.16834806,0.16793296,0.17196418,0.15310223,0.18960217,0.16934176,0.17048232,0.15808375,0.17234498,0.1496483
KLF6,0.16988532,0.15920804,0.14395265,0.1697772,0.17086892,0.15176806,0.16271007,0.17764291,0.16875787,0.1766621,0.17099604,0.18867466,0.1865674,0.13273975,0.17609029,0.15612467,0.18190393,0.17321798,0.17235048,0.1541338,0.16552243,0.17743792,0.15890667,0.15406573,0.19444022,0.14613055,0.15961409,0.17252515,0.18022825,0.16252783,0.16579305,0.15690127,0.17827733,0.17452857,0.17869078,0.14526019,0.17384663,0.18035208,0.16330633,0.16004486,0.17056574,0.17201236,0.13728547,0.1710044,0.18041177,0.16885589,0.18034092,0.16418111,0.16516434,0.17651962,0.18301505,0.17039509,0.18017371,0.15196612,0.16832244,0.16208793,0.15751289,0.1644227,0.18707108,0.1811435,0.15077,0.19599275,0.16882709,0.17306586,0.1859125,0.14455985,0.14135845,0.1651082,0.17068452,0.15707086,0.14993319,0.16184612,0.17188445,0.17284748,0.17232588,0.17998259,0.18474303,0.16530971,0.15355459,0.17384046,0.1742738,0.17370549,0.16438457,0.16045447,0.16554554,0.1715846,0.17399842,0.17407387,0.18881059,0.16104285,0.17644484,0.14674337,0.15572135,0.15643416,0.18050891,0.16286018,0.14742318,0.16138494,0.17040293,0.17578784,0.14951238,0.17005037,0.15865117,0.17827432,0.1492862,0.15593137,0.18086112,0.16268826,0.16696674,0.15323956,0.19064303,0.17234099,0.19254161,0.1659608,0.14651747,0.18780617,0.16738147,0.16817826,0.16054343,0.15311144,0.16486163,0.15889816,0.17348589,0.18191303,0.15153487,0.1840753,0.18167612,0.1597156,0.17097427,0.17033309,0.18101387,0.1867895,0.1675971,0.17951953,0.15344866,0.17660634,0.16390207,0.15909167,0.16924103,0.14754432,0.15488334,0.14479506,0.15408792,0.14470328,0.17925018,0.17942505,0.17872022,0.19350436,0.14079306,0.16901752
MAFG,0.1573888,0.16028692,0.17367454,0.17518772,0.17340583,0.15439773,0.15087387,0.1610229,0.15541552,0.15793076,0.16712125,0.15579979,0.172845,0.15076612,0.17268585,0.16317496,0.15459785,0.16742875,0.18463276,0.15848728,0.13226424,0.17565121,0.1711858,0.17743658,0.16682181,0.15344039,0.15660661,0.15638112,0.15991613,0.15959562,0.15857744,0.17303804,0.1685478,0.16621958,0.15996046,0.15158433,0.16057464,0.15491046,0.17067306,0.16808678,0.18800554,0.18065849,0.18049732,0.18108395,0.15805897,0.1626054,0.18938181,0.14876679,0.1646573,0.17411391,0.1705037,0.1728271,0.17593051,0.17197253,0.18819548,0.16093796,0.1694067,0.18134025,0.15710504,0.1569305,0.18387023,0.17179061,0.18240152,0.17591481,0.17586765,0.19736804,0.1508325,0.17729235,0.15006801,0.15453584,0.15977842,0.17614362,0.16851945,0.16900854,0.18655139,0.16221043,0.15857327,0.17444678,0.15058379,0.14055827,0.1837017,0.1558303,0.16518663,0.15741673,0.17660972,0.1726337,0.17698446,0.13439664,0.16423936,0.1685095,0.16304031,0.16803004,0.17306662,0.175936,0.17236045,0.158852,0.16218,0.15203145,0.15263282,0.17277709,0.16868591,0.16926365,0.15633154,0.17887549,0.152691,0.17413533,0.18505238,0.17548609,0.15930969,0.15753114,0.15824023,0.17055933,0.1722233,0.16358823,0.14610673,0.19122437,0.17489967,0.16501959,0.19119354,0.17266858,0.15315703,0.16791049,0.15932657,0.16846706,0.15474167,0.18747751,0.14981939,0.16394089,0.18075879,0.18673429,0.15133967,0.14307277,0.18790527,0.17727281,0.15999733,0.16595045,0.18068549,0.17476845,0.19270286,0.17652673,0.15842544,0.16627967,0.17308454,0.16430263,0.16149054,0.15400253,0.15474516,0.18217734,0.1738537,0.13282782
MAFK,0.16517147,0.1699692,0.17590156,0.15536866,0.15806821,0.15087971,0.15451701,0.17212005,0.16123722,0.19922578,0.15645945,0.18100658,0.15334703,0.15935567,0.14946428,0.15653685,0.16328228,0.16726825,0.17386883,0.174602,0.18043543,0.17050035,0.17384087,0.14795864,0.18657218,0.1824403,0.14847429,0.14500272,0.16200072,0.15078887,0.15970841,0.14763498,0.17473875,0.1402163,0.14359818,0.1753707,0.16232635,0.15602535,0.16382776,0.16222854,0.18246917,0.1764886,0.15422586,0.15802497,0.15142629,0.15920177,0.17998996,0.15070009,0.1680264,0.1489117,0.19140542,0.17627138,0.16795032,0.15674339,0.16776046,0.15810049,0.16592336,0.18107866,0.16121651,0.16976114,0.14975116,0.17451955,0.18418452,0.15784106,0.15479033,0.14542872,0.14511132,0.17573552,0.17517918,0.16052401,0.17291547,0.18056491,0.15484393,0.16856202,0.17258792,0.18142974,0.15365511,0.18779273,0.14354123,0.1465703,0.16786335,0.18385838,0.14442912,0.1738603,0.18266252,0.17853533,0.15927,0.16980983,0.17430247,0.15215537,0.16548662,0.17221223,0.16994399,0.16387564,0.17634441,0.16017485,0.17669253,0.16985968,0.17173348,0.14661285,0.1710894,0.15759043,0.16367856,0.13563773,0.17730105,0.17214903,0.1813353,0.16140227,0.14076269,0.1506767,0.13741662,0.17035276,0.15856114,0.17788449,0.17319342,0.18893935,0.16073436,0.19000992,0.1763425,0.16827513,0.1969565,0.16497236,0.17870519,0.17250215,0.17953253,0.1633316,0.13526367,0.17743492,0.17210472,0.14742906,0.18321148,0.17104165,0.17566074,0.15896067,0.15170713,0.17694028,0.17683779,0.15421312,0.1688399,0.17952958,0.17802754,0.16296399,0.17454343,0.15097517,0.17053181,0.16888659,0.17080572,0.17252955,0.1568861,0.16949055
MLXIPL,0.16144592,0.14824073,0.1772704,0.14500187,0.18977378,0.18362199,0.16264087,0.14424206,0.18430549,0.15355007,0.1707286,0.15238452,0.17769462,0.1894314,0.1586108,0.1404044,0.17025425,0.1718464,0.16579174,0.15501526,0.17428191,0.18047765,0.15545477,0.19013208,0.18580244,0.16022897,0.15717852,0.1513043,0.1665803,0.15068555,0.18082343,0.17983411,0.19331044,0.17606501,0.16242982,0.15997155,0.1879741,0.16032057,0.16836509,0.17358468,0.17112242,0.16465709,0.15831916,0.17385748,0.14354376,0.15472512,0.16302978,0.1749263,0.16028605,0.18834107,0.16924654,0.17479557,0.15036236,0.16662142,0.14696263,0.16654098,0.17110601,0.18382882,0.15456048,0.16067813,0.14392418,0.16075578,0.17702147,0.18215261,0.1715038,0.17617281,0.17841366,0.1676947,0.15982687,0.17299531,0.1840925,0.17016461,0.15562679,0.15324123,0.15208197,0.18047169,0.15585585,0.15619731,0.1588406,0.16112249,0.15396121,0.18805382,0.13353546,0.18755452,0.16540138,0.16586164,0.17301507,0.17669098,0.15556389,0.15653507,0.18436068,0.14505343,0.16734819,0.16466483,0.16066861,0.15795216,0.17096096,0.16973144,0.14349955,0.17080165,0.17238581,0.16423595,0.15336852,0.17085832,0.16278361,0.18223393,0.1572895,0.17345037,0.16650435,0.17822921,0.15419161,0.15817992,0.15721144,0.18064433,0.1626495,0.17323378,0.15416385,0.18132423,0.16745755,0.18617079,0.17210577,0.17896275,0.16581036,0.16281044,0.16117035,0.15834278,0.18949138,0.18899028,0.17852256,0.16136512,0.17520827,0.1688802,0.17538841,0.14130971,0.16162434,0.14463273,0.14606316,0.15739097,0.16300587,0.17124818,0.13942544,0.18230619,0.17811337,0.16974218,0.16176566,0.15112643,0.16135854,0.17586064,0.18420365,0.17604603
MYC,0.1561635,0.15167695,0.14951818,0.1710088,0.1556369,0.1709511,0.16475831,0.17213431,0.1691432,0.15090139,0.17837255,0.16543645,0.16234641,0.18163899,0.17286722,0.17833719,0.17055883,0.18831079,0.16201214,0.1679652,0.17059945,0.17988235,0.14426231,0.16714394,0.1926588,0.18497267,0.14944673,0.15775017,0.1405966,0.17014383,0.17237623,0.17237659,0.13943993,0.1654223,0.1628035,0.16934147,0.16050436,0.18202603,0.1622979,0.1695246,0.1933138,0.1701211,0.17469242,0.14185855,0.15019841,0.21362938,0.15805623,0.1627078,0.17466274,0.17455347,0.1592807,0.15557414,0.17749949,0.18958305,0.14165477,0.13957892,0.17587306,0.1560168,0.18127058,0.15998453,0.18648197,0.16947371,0.16435829,0.16246435,0.17086142,0.17539099,0.15366307,0.19311345,0.17765005,0.13405664,0.16928175,0.123126574,0.16957283,0.15660705,0.18730694,0.17557847,0.15549932,0.16206719,0.14662725,0.16462846,0.17427981,0.18790542,0.17456566,0.15456419,0.16171116,0.15524343,0.17464122,0.12736426,0.1287348,0.16418278,0.162682,0.18617369,0.1512261,0.17237969,0.14912777,0.18236582,0.1692399,0.15839903,0.18208364,0.1794523,0.18198693,0.15991366,0.1793696,0.1659219,0.1692174,0.1836908,0.16774899,0.17354074,0.17162083,0.16283646,0.16482764,0.16888057,0.15803853,0.14840537,0.16664188,0.16281918,0.16192365,0.17707174,0.13324949,0.16295168,0.15588728,0.16279432,0.13222077,0.1600773,0.15910366,0.13807803,0.1521676,0.17139955,0.16997945,0.18959378,0.16037802,0.15605165,0.15778168,0.16762406,0.17126653,0.16274935,0.15624915,0.15569898,0.15659176,0.18618953,0.1890493,0.16471475,0.17212185,0.15784785,0.17750275,0.17755167,0.1615428,0.16314209,0.15321761,0.18780868
NFE2L2,0.19227548,0.16247189,0.17081441,0.17108767,0.16773261,0.14093433,0.18745674,0.1804864,0.18918492,0.18079756,0.18270624,0.15724596,0.16031224,0.184856,0.14674008,0.14837043,0.17276864,0.14738476,0.17025493,0.172913,0.16033693,0.17363918,0.16738032,0.16284421,0.17844345,0.1716846,0.16776542,0.15670894,0.14457628,0.17271928,0.16263404,0.17492801,0.16291934,0.15166123,0.14397672,0.17256415,0.14753842,0.15548171,0.16110884,0.17925058,0.14364102,0.16093,0.16248435,0.17198408,0.1686927,0.17752852,0.16471487,0.15660888,0.11890651,0.14641887,0.16571495,0.16410466,0.15173307,0.16028963,0.16678421,0.1661316,0.16290487,0.17607799,0.14797525,0.1534667,0.1629768,0.1744854,0.18216519,0.16938001,0.15134151,0.19064862,0.1906854,0.15756881,0.15548326,0.18309253,0.16544122,0.16935234,0.17915383,0.16146216,0.15905264,0.17647874,0.17694168,0.16531596,0.15128793,0.18078996,0.14536968,0.15765129,0.17354082,0.17531963,0.17024495,0.16026574,0.15335736,0.14556459,0.16838026,0.16384257,0.16593151,0.16858308,0.17831247,0.16375564,0.15676661,0.1565421,0.16682376,0.19897638,0.17592335,0.19031468,0.19061121,0.15488926,0.18294434,0.17004889,0.15716068,0.1726985,0.1538563,0.1693723,0.15565583,0.1908762,0.13804348,0.1783964,0.17836128,0.14200588,0.15308212,0.17857145,0.17799878,0.14846215,0.19688761,0.13558824,0.17282224,0.14041203,0.17231447,0.17026636,0.15047668,0.1592357,0.18980272,0.16386792,0.18434188,0.15553884,0.16057688,0.16409719,0.16406536,0.18413149,0.13600868,0.1626171,0.1666533,0.14547186,0.16293825,0.16485497,0.14759894,0.16689055,0.17889297,0.16124104,0.16575658,0.15346488,0.17146091,0.16907987,0.1644259,0.15942836
NR1H4,0.15485689,0.17560263,0.18144646,0.1952153,0.18049416,0.17892766,0.17268191,0.14420813,0.13908628,0.14551973,0.15920165,0.14595522,0.15744922,0.15506037,0.17970513,0.17300314,0.1632879,0.16933122,0.14336921,0.14836593,0.15490513,0.18971711,0.15020768,0.16122584,0.17304347,0.19205008,0.1591461,0.17428565,0.14791103,0.19004802,0.15413073,0.15049416,0.16992462,0.17615451,0.15427707,0.1280141,0.19323504,0.15585229,0.16318114,0.1679249,0.17434701,0.18211761,0.17137066,0.16377296,0.14373925,0.16378517,0.18268558,0.17961243,0.1507534,0.1610757,0.17226492,0.16576035,0.16154234,0.1760597,0.16811971,0.18696198,0.18530856,0.16508375,0.1594593,0.18775576,0.16470373,0.19012633,0.17891051,0.16756107,0.1683253,0.17794652,0.15086922,0.16511084,0.15086854,0.17239079,0.14918287,0.18179995,0.15089646,0.19265266,0.1656209,0.13806596,0.17848724,0.1446468,0.14745687,0.15609959,0.17463537,0.14904144,0.15381123,0.17170821,0.17178449,0.16905153,0.19503763,0.16999047,0.1517307,0.15146399,0.16083497,0.1597406,0.15680192,0.16904278,0.17145683,0.14882447,0.17870034,0.16317403,0.16421135,0.15701224,0.15841757,0.16585892,0.1255802,0.15652862,0.18019995,0.16319117,0.18831271,0.18432228,0.16751455,0.15998025,0.178099,0.16440447,0.17717497,0.17399545,0.14609556,0.15270719,0.18702228,0.18607993,0.17362864,0.17153017,0.17820913,0.14434984,0.16006318,0.18258134,0.14613225,0.18112788,0.17791644,0.17137718,0.14260839,0.15984966,0.1703028,0.15919556,0.15128946,0.16789646,0.17732984,0.17533357,0.18163386,0.16492945,0.17302777,0.17147772,0.15559642,0.16005833,0.15308355,0.14063291,0.17801575,0.1677727,0.14221281,0.19221967,0.18471105,0.17163725
NR5A2,0.17151737,0.19027424,0.18020253,0.14925338,0.17267063,0.15817942,0.15293784,0.16322128,0.17456122,0.16360155,0.18148357,0.14942281,0.19161148,0.1704893,0.16257186,0.16601045,0.15817583,0.17021124,0.18261802,0.1538552,0.16726166,0.18489687,0.18546157,0.15617177,0.16174532,0.17324255,0.2020182,0.17161594,0.15256827,0.16023126,0.17020649,0.15173954,0.16148373,0.19687939,0.17377163,0.1654622,0.16209939,0.14869796,0.1483165,0.1869665,0.17079155,0.14368205,0.13287796,0.15491202,0.1577462,0.14415702,0.17599484,0.16485159,0.14460978,0.1792835,0.14680634,0.18030277,0.17261311,0.15652223,0.17469497,0.17641714,0.13183376,0.17526662,0.1611538,0.16107872,0.17685942,0.17049128,0.1719604,0.15437481,0.17267558,0.17853019,0.16731417,0.1590962,0.1720598,0.16477713,0.14364465,0.17318258,0.1714878,0.17126237,0.16455938,0.17820895,0.1790997,0.17699882,0.19650972,0.1585747,0.15711774,0.15820417,0.16444696,0.14675428,0.17185591,0.18325227,0.16028857,0.16422197,0.18958454,0.1414867,0.16107967,0.18619905,0.1722801,0.16735768,0.17187904,0.1531085,0.15976924,0.15803725,0.15881224,0.18719679,0.16821596,0.17203395,0.13094924,0.1882984,0.16157778,0.16447222,0.16036014,0.1596873,0.18588291,0.16341448,0.17715925,0.16699822,0.17101075,0.15647854,0.18831606,0.18956806,0.17114621,0.15418825,0.17951524,0.15538415,0.16019861,0.15893294,0.18693408,0.14969048,0.16450937,0.15861522,0.13682653,0.13014092,0.17990628,0.15434511,0.17601937,0.169846,0.17382735,0.17937346,0.15642494,0.159401,0.1511997,0.19078358,0.14912453,0.15864086,0.12893665,0.17718835,0.16926086,0.15959945,0.16452828,0.17095655,0.16979632,0.16800527,0.16599678,0.17530671
PPARA,0.14556795,0.17605698,0.16338892,0.16873716,0.15078546,0.17454606,0.15890454,0.1813742,0.15509291,0.17919546,0.17052479,0.14406349,0.17716761,0.19363719,0.14759463,0.14743125,0.16729654,0.15672703,0.16634265,0.17343168,0.18399657,0.15547885,0.17036155,0.1682681,0.19633615,0.16597971,0.18776175,0.1607967,0.16005635,0.15731353,0.16685252,0.15581344,0.18030599,0.15953253,0.17646293,0.14656389,0.17409123,0.1807511,0.18219525,0.17956325,0.18113437,0.1683636,0.16402875,0.14546794,0.17609131,0.13986503,0.18155424,0.17155178,0.16316438,0.14455199,0.1688363,0.18227161,0.16794305,0.20004682,0.17616116,0.16007154,0.16850623,0.17778791,0.1903657,0.16643947,0.16639465,0.17863636,0.1652691,0.15795918,0.17780231,0.18765107,0.14042854,0.16719984,0.15808387,0.17213501,0.16608028,0.18102407,0.14983352,0.16386662,0.16471781,0.15621044,0.18194157,0.16671643,0.18241094,0.1544662,0.1762293,0.16222525,0.15074964,0.17843567,0.17425382,0.1612296,0.16962112,0.18523157,0.1767315,0.18572351,0.18942328,0.17218181,0.17832051,0.16635847,0.18307003,0.16462728,0.16760635,0.17556588,0.18759085,0.16187315,0.18073213,0.16166514,0.16052154,0.19553939,0.1697389,0.19527674,0.16533406,0.19464685,0.17451581,0.173291,0.17559691,0.1719022,0.15455608,0.15731326,0.17688794,0.16121778,0.1831578,0.15726641,0.16140375,0.1810297,0.1511585,0.17236948,0.16602086,0.17453238,0.15523328,0.17992969,0.17372042,0.17666917,0.18368942,0.15201432,0.15054658,0.16905385,0.18344018,0.17143467,0.16083352,0.14252147,0.18074459,0.16914701,0.15939641,0.18335499,0.15442531,0.15842755,0.16724052,0.16984378,0.16565171,0.19051304,0.16064811,0.16157517,0.16955687,0.18569954
PPARG,0.16441077,0.16354291,0.1814105,0.17962985,0.18214141,0.14724737,0.1871248,0.16323315,0.17306688,0.14948472,0.18476087,0.17282654,0.16402039,0.15297562,0.15695044,0.17106988,0.17435142,0.1757563,0.16145542,0.16317242,0.14237332,0.18398894,0.18641977,0.16321309,0.1784008,0.150271,0.16638659,0.15170768,0.17640841,0.16845866,0.14637303,0.17180835,0.16674155,0.17442325,0.15601268,0.1555496,0.164149,0.15868044,0.1698739,0.14425763,0.16355819,0.17041147,0.17112742,0.12900327,0.17793708,0.15955178,0.1594554,0.19560741,0.18346621,0.15103753,0.15852678,0.1853068,0.17299953,0.19147009,0.15941729,0.1788952,0.16216624,0.16690658,0.17509362,0.16212235,0.17215401,0.17491575,0.16815853,0.16182458,0.18212223,0.16271134,0.16858692,0.17977066,0.17366014,0.16337651,0.17886049,0.17831698,0.17122044,0.16247126,0.17481183,0.15239592,0.17018373,0.14685434,0.18376476,0.16809118,0.16519354,0.1675229,0.15191841,0.14121911,0.16102189,0.1678164,0.17868026,0.17129402,0.1487616,0.15230976,0.17423873,0.1634878,0.16674621,0.17914881,0.14926676,0.16527055,0.1631293,0.15930861,0.16965021,0.15335618,0.15301073,0.16493365,0.18167758,0.16872269,0.18636121,0.164572,0.1815045,0.14380476,0.17201155,0.15892033,0.17478664,0.19256507,0.1788433,0.18882386,0.15796405,0.14972116,0.15635253,0.16514964,0.15434998,0.1673237,0.1586907,0.14118588,0.15753739,0.15711696,0.16473848,0.15344845,0.17578474,0.15544312,0.15493718,0.17455268,0.16155724,0.16476505,0.17766911,0.16322815,0.18881766,0.16856039,0.17683394,0.13830887,0.17835535,0.13329557,0.16944072,0.1627914,0.17864488,0.14599699,0.17446794,0.18236654,0.15057996,0.17819017,0.1480564,0.1710272
RXRA,0.18267718,0.18679912,0.16143888,0.1678956,0.1926724,0.16068509,0.1615103,0.17327002,0.17392862,0.1342422,0.16107409,0.16698875,0.17350122,0.1656595,0.15163825,0.17385961,0.13408151,0.1695328,0.15651275,0.17925519,0.16664313,0.15568763,0.13525574,0.16829816,0.14328283,0.15405896,0.15114553,0.15879144,0.16923676,0.18579777,0.15157902,0.18065387,0.16845006,0.18506838,0.19816269,0.16998908,0.17178208,0.14674906,0.16348208,0.15506518,0.16099857,0.17431611,0.17543189,0.18586321,0.15639815,0.14546867,0.14382361,0.16710556,0.1416752,0.18707058,0.15555131,0.16512236,0.17125237,0.14924513,0.18529497,0.15635608,0.17198478,0.1680452,0.15517925,0.18817483,0.14776695,0.16566767,0.1663717,0.17013021,0.15699896,0.15970537,0.15854838,0.15138492,0.153393,0.17642762,0.15938391,0.15365553,0.17406137,0.18879591,0.14805627,0.16335462,0.15743679,0.1640907,0.15075777,0.16567023,0.16595685,0.16549201,0.18567538,0.16303095,0.17178905,0.16211733,0.17535888,0.16652633,0.13885848,0.16625302,0.14197047,0.17460108,0.17490418,0.17757933,0.14897807,0.14117198,0.17518312,0.1792117,0.16500114,0.18691781,0.17772003,0.20029001,0.16527244,0.18442935,0.1565562,0.1849473,0.17432247,0.18384048,0.14672756,0.15726604,0.15572572,0.16414587,0.16290484,0.14715093,0.14982507,0.16460653,0.17384401,0.144544,0.17154066,0.14797446,0.13965823,0.17539597,0.15837385,0.17003824,0.17630318,0.16786973,0.17126356,0.1789592,0.17499521,0.18689121,0.16796078,0.17612883,0.13525546,0.17901301,0.15286775,0.1673646,0.17680685,0.1653011,0.160861,0.18934114,0.1747927,0.14938685,0.15930894,0.16413365,0.1342767,0.15854833,0.14795545,0.15751198,0.18930312,0.18697542
RXRB,0.17492269,0.15230095,0.15573734,0.18067127,0.18654083,0.16972755,0.15560439,0.14164567,0.15826438,0.17852367,0.14577696,0.1741659,0.1761735,0.16990031,0.14847645,0.14803715,0.15478289,0.17310248,0.16089126,0.14062119,0.1658407,0.15647063,0.16988811,0.16385847,0.16949464,0.16390872,0.1475873,0.17936447,0.18082373,0.18607117,0.16927084,0.13673922,0.1640797,0.15771951,0.14869407,0.15310936,0.19904271,0.16503331,0.17965876,0.16826867,0.17619589,0.16426788,0.15264663,0.16230379,0.15592703,0.15867725,0.13678786,0.14901197,0.18401209,0.16536355,0.15280655,0.16294391,0.19000366,0.17835884,0.15538538,0.18541059,0.14113003,0.16644865,0.14675231,0.14973849,0.19532691,0.16098168,0.16922824,0.16268417,0.16274779,0.15125567,0.19080365,0.17590767,0.17619811,0.14824837,0.18122384,0.16244222,0.16681972,0.16390677,0.16258158,0.17786288,0.14620368,0.15898615,0.17536855,0.17615704,0.16894107,0.15053265,0.15103737,0.1502878,0.16532563,0.1852368,0.15597975,0.17082831,0.16280073,0.18677351,0.1685963,0.16767323,0.18861908,0.12617409,0.15555847,0.16353871,0.15358189,0.17260996,0.18362072,0.17827009,0.15829557,0.19069996,0.18214715,0.15394296,0.1658268,0.1734813,0.15827157,0.17165978,0.15924034,0.15780982,0.15617014,0.1562735,0.15253425,0.16919482,0.1834215,0.16783608,0.16437234,0.1859696,0.14761266,0.16410945,0.1653377,0.19229105,0.16372822,0.15670632,0.16592199,0.1356295,0.16879062,0.17473483,0.15079261,0.16901486,0.17808454,0.17365952,0.17980921,0.14640029,0.16860974,0.17473519,0.15226904,0.1649643,0.177545,0.1639507,0.1750174,0.16962701,0.15176965,0.16585349,0.1781746,0.16144659,0.15961865,0.17961195,0.16834892,0.16219682
SMAD2,0.16311742,0.14727347,0.1759916,0.18313982,0.17459264,0.16164608,0.18232003,0.19182186,0.17809959,0.18110968,0.16161631,0.17092423,0.16973644,0.17962463,0.16949013,0.17897014,0.17460358,0.17605115,0.15942658,0.16672848,0.17223644,0.17573233,0.16301909,0.12628348,0.15854739,0.19740114,0.13593996,0.17376718,0.1723052,0.15429217,0.17649142,0.16222316,0.1928559,0.16748796,0.15921038,0.16859698,0.16962065,0.15883586,0.15120147,0.17106165,0.16067281,0.16167371,0.15778407,0.18559065,0.1500497,0.15334086,0.13518426,0.17532079,0.16615753,0.17068201,0.17264429,0.18857612,0.17944461,0.14517558,0.1611908,0.16240208,0.16324817,0.1692504,0.17831863,0.1675735,0.15804015,0.1823913,0.1726848,0.1445445,0.15551853,0.16881093,0.1371247,0.14920504,0.17197962,0.15259461,0.16713068,0.1710276,0.17055877,0.17702453,0.16395244,0.16308464,0.16027641,0.18318908,0.177211,0.1755071,0.1763591,0.18094991,0.1895497,0.16079928,0.18198389,0.16345139,0.16642857,0.16910046,0.14839655,0.1759818,0.15836702,0.1475897,0.17656161,0.16586898,0.17327908,0.17051451,0.17070933,0.17324595,0.1582277,0.1639909,0.1434765,0.17013325,0.16801672,0.169248,0.15005554,0.19848056,0.1652109,0.15093055,0.16993347,0.16078201,0.1670815,0.16281137,0.1806236,0.18387201,0.15607552,0.16438769,0.13212273,0.16762814,0.16934606,0.17150222,0.15789324,0.19027445,0.15709564,0.16040067,0.15961158,0.1941498,0.17483927,0.15705241,0.1362234,0.16089958,0.16773191,0.16176353,0.16774572,0.18229331,0.14770603,0.18220526,0.16244963,0.17383482,0.16832608,0.18535966,0.15416522,0.16518326,0.16530418,0.17426498,0.16829167,0.15072988,0.15667944,0.16398376,0.14836022,0.15824111
SMAD3,0.1603611,0.14822006,0.16711035,0.15429631,0.15127458,0.16974254,0.17310627,0.18037105,0.18395762,0.16542809,0.17324436,0.173148,0.17073935,0.16576712,0.15877828,0.15229872,0.16617773,0.16145103,0.15667085,0.17093667,0.15288414,0.16617529,0.16452861,0.14205652,0.17281614,0.16492957,0.17520027,0.15209892,0.1833679,0.17425461,0.16531311,0.17105904,0.17237349,0.15234879,0.16993359,0.15203448,0.17227942,0.15396881,0.16871166,0.1711821,0.18173468,0.17001648,0.14355157,0.13218254,0.15911382,0.16147661,0.1577848,0.18405035,0.18829034,0.15078546,0.14482097,0.1641509,0.15991639,0.16479915,0.14208475,0.18668804,0.15882675,0.15239985,0.18432458,0.17760967,0.17978933,0.1811842,0.18449605,0.17328995,0.1729549,0.17681041,0.14040108,0.16674806,0.19654536,0.15584797,0.15285122,0.16492653,0.17223544,0.16156684,0.16395609,0.15987116,0.18374127,0.1637173,0.17694792,0.16762482,0.14379598,0.13139649,0.18170637,0.15491225,0.1719684,0.1548668,0.16154073,0.1687966,0.16678914,0.16529272,0.1591275,0.14300714,0.17821008,0.14478701,0.1618857,0.1526989,0.15103349,0.17227538,0.15618882,0.17295808,0.18319386,0.1713636,0.1602988,0.1645285,0.1817679,0.17559156,0.18104587,0.17231381,0.15213831,0.18866707,0.1838942,0.16299988,0.16891097,0.16261774,0.14708383,0.14378995,0.19697894,0.17077479,0.14525753,0.18824232,0.16305971,0.17454094,0.15834184,0.16197793,0.16649288,0.17225258,0.15947935,0.17336161,0.1770898,0.16928405,0.16859165,0.1674969,0.1678775,0.17733397,0.16530132,0.17672905,0.17157574,0.17823388,0.1731007,0.17569102,0.17853014,0.16506484,0.17138237,0.16031016,0.14238267,0.19479963,0.17894112,0.16784927,0.1668423,0.15084136
SOX4,0.13752356,0.16361679,0.17299733,0.15856594,0.18467312,0.1435615,0.1564264,0.18790275,0.14501752,0.16039045,0.16861363,0.14785166,0.16649888,0.15274037,0.20038478,0.1566049,0.15589537,0.16046216,0.19296907,0.13824841,0.14534335,0.17000626,0.18879691,0.16958839,0.1807137,0.17228831,0.17329662,0.1680869,0.20020026,0.15810625,0.1699192,0.15232137,0.16335206,0.15989798,0.19553158,0.17575742,0.17959683,0.1644881,0.1795016,0.17171165,0.17230912,0.19351508,0.15841326,0.1519427,0.17274033,0.18203361,0.17067689,0.15689883,0.18545583,0.17533492,0.16160402,0.18795142,0.1552796,0.16908969,0.12706421,0.14489163,0.15956384,0.15964903,0.18050134,0.14408661,0.17099942,0.14186975,0.15824702,0.15773986,0.18140706,0.16645935,0.17893125,0.16590066,0.16212475,0.14256546,0.16873012,0.17209242,0.14899015,0.16327462,0.17759182,0.19176742,0.1747222,0.1770806,0.14782614,0.1525993,0.15997921,0.16141342,0.17292063,0.13458788,0.17654197,0.18626183,0.15110414,0.1513887,0.18231274,0.16649535,0.16089585,0.1687097,0.18173812,0.1424355,0.17794245,0.16135485,0.18826658,0.15381157,0.1616893,0.16755344,0.21243301,0.16569151,0.16593806,0.1792427,0.1747936,0.154266,0.16741122,0.15367426,0.14926773,0.19565329,0.17918198,0.16675434,0.14915413,0.14935207,0.16670278,0.17630854,0.14559329,0.156714,0.1521044,0.1564733,0.18132932,0.17034014,0.18077289,0.17965198,0.16537836,0.19460155,0.1776811,0.15242313,0.17615262,0.16794951,0.15500532,0.15348841,0.18388556,0.15419462,0.15970393,0.1942735,0.15210968,0.15821925,0.16579364,0.18196568,0.17471541,0.1591286,0.1497158,0.170288,0.1737935,0.15814984,0.1777012,0.16607799,0.17408441,0.17774771
SOX9,0.15767992,0.16085172,0.17095119,0.16369438,0.15982635,0.18972905,0.15886667,0.15783727,0.17500296,0.15686275,0.17698859,0.15628777,0.17670548,0.14993602,0.15949695,0.17492473,0.1556224,0.1474317,0.18071897,0.14521955,0.17745613,0.13839641,0.18167065,0.16029155,0.17340189,0.18572675,0.18552777,0.15813375,0.14963542,0.17203893,0.1608835,0.16311696,0.17161544,0.17664766,0.1669564,0.18330444,0.17429096,0.17851144,0.16211894,0.15501371,0.17608245,0.16259475,0.17925121,0.17450815,0.18583815,0.1812367,0.15840735,0.17193478,0.16590188,0.18523371,0.18128015,0.16329554,0.14149514,0.16415283,0.16236584,0.17750777,0.18360768,0.16603684,0.17058596,0.17009807,0.13862215,0.1503215,0.16502568,0.13223194,0.17177117,0.1505444,0.18612278,0.20119178,0.14797907,0.18187833,0.16441016,0.16301797,0.13806486,0.16313982,0.17617981,0.16733576,0.17527919,0.17121533,0.17522155,0.17899175,0.1821169,0.16215973,0.15837178,0.17294778,0.14584576,0.18038037,0.18297566,0.16988173,0.15247871,0.17956166,0.16357595,0.1736784,0.18469317,0.16649082,0.15835157,0.19060078,0.19245899,0.17405097,0.16337582,0.13413757,0.1748256,0.15662044,0.16519144,0.16722253,0.15577061,0.1706767,0.18125437,0.15646832,0.17248748,0.1491704,0.15830617,0.19394977,0.19130707,0.16732176,0.17267595,0.13565212,0.14895847,0.18196665,0.16410287,0.17104328,0.1760928,0.19195062,0.15179831,0.1515025,0.1449016,0.16564678,0.15308468,0.16914114,0.18565078,0.14649388,0.16226137,0.18258113,0.19527987,0.13994977,0.1513807,0.16168115,0.1723843,0.1607108,0.14106183,0.17679204,0.17290217,0.16697,0.16751973,0.137449,0.16369513,0.15213042,0.15762502,0.1830329,0.18908033,0.19224179
SP1,0.15345894,0.14634961,0.14039394,0.17834195,0.17621262,0.16528605,0.15856509,0.17140232,0.14572036,0.16728178,0.17539619,0.15655516,0.16160123,0.17232554,0.18102515,0.16599892,0.16724554,0.14317441,0.18493812,0.14947757,0.15221228,0.19114722,0.14412957,0.18052173,0.1691952,0.1535137,0.12813067,0.15771611,0.16418995,0.15814406,0.16362579,0.18438542,0.1469666,0.16937049,0.16407877,0.16130124,0.14352216,0.18388328,0.14615078,0.17135203,0.13810864,0.16818434,0.1630705,0.14819427,0.18043752,0.19206062,0.16835827,0.17514415,0.18269809,0.15554832,0.16390508,0.15111616,0.16502915,0.13836432,0.17178546,0.17176282,0.15598099,0.17509383,0.15306829,0.14289355,0.18505833,0.120997794,0.18375772,0.16527963,0.16685823,0.1669824,0.17178448,0.16083746,0.1848518,0.18302065,0.15874262,0.16946496,0.18594237,0.17261077,0.14974608,0.17272557,0.14766036,0.16205741,0.16877605,0.15238512,0.14679927,0.15834124,0.16754788,0.16960867,0.16791934,0.16963951,0.17319389,0.16306053,0.16535158,0.1704808,0.15912683,0.1692004,0.1635717,0.16140695,0.15014283,0.18949361,0.16007364,0.16845949,0.17646828,0.17787203,0.17651811,0.1622634,0.17905061,0.1668425,0.1764336,0.1823704,0.18490952,0.17346983,0.14634284,0.14356127,0.18486686,0.17202976,0.15358377,0.15954469,0.15700865,0.14393279,0.15611309,0.1392128,0.17521572,0.15397188,0.14434454,0.14257246,0.15169023,0.1549131,0.14472097,0.17818025,0.17753884,0.18014613,0.17974763,0.17548765,0.17015368,0.13530782,0.17574792,0.15554473,0.1723376,0.16179729,0.15315424,0.16384444,0.15647717,0.16190864,0.16552779,0.15643317,0.16960675,0.16031678,0.16506879,0.17528069,0.1823145,0.16335149,0.14822876,0.17846538
SP3,0.17643437,0.18929173,0.1653094,0.14752267,0.15631385,0.1717824,0.16281721,0.1694077,0.150082,0.15824585,0.15969378,0.17095564,0.15211357,0.16702765,0.16231284,0.15538874,0.17198175,0.15893318,0.16674018,0.16311397,0.19266912,0.15102865,0.18510889,0.16737376,0.16692969,0.17183918,0.16138555,0.16245477,0.19231671,0.15230367,0.16567913,0.18658404,0.14570649,0.17820251,0.15837237,0.17174783,0.18445027,0.15009803,0.16643238,0.18782778,0.148836,0.16788839,0.17111512,0.16531824,0.1545483,0.15652594,0.16013749,0.14362958,0.1287461,0.15869944,0.16220558,0.15769969,0.16446272,0.16460739,0.1685507,0.17564997,0.1769404,0.16107108,0.17139919,0.18369496,0.15407428,0.14977622,0.16476086,0.16163321,0.15433204,0.15617721,0.18444142,0.16699286,0.17816812,0.18058631,0.14347197,0.17420599,0.1728082,0.17237659,0.16127874,0.19790691,0.17638819,0.18653338,0.17913306,0.153971,0.16381003,0.17441846,0.16832839,0.16700369,0.15210108,0.17892312,0.1491469,0.17512533,0.17495202,0.18890093,0.18292332,0.14383703,0.15907729,0.16951652,0.15613303,0.15076897,0.12512964,0.1701584,0.16311637,0.18415178,0.1588552,0.13968104,0.16928987,0.15255742,0.17935464,0.16929986,0.1771628,0.17058273,0.15615958,0.16085437,0.16695361,0.18188117,0.1880566,0.18490937,0.15438266,0.16092844,0.17036913,0.15656546,0.16114265,0.16466865,0.16725866,0.16067246,0.12926634,0.1622819,0.15339178,0.17348893,0.15774213,0.17928661,0.15321021,0.17483672,0.15504418,0.18551683,0.1610359,0.17383383,0.17567146,0.17122328,0.1652635,0.16157557,0.15737666,0.17370537,0.17715354,0.15503559,0.15385808,0.1887493,0.1639938,0.15299918,0.17508873,0.17791274,0.1337149,0.17242037
STAT3,0.15816839,0.16907154,0.16972251,0.1565358,0.1633784,0.17064723,0.16060637,0.15189685,0.16668768,0.20160623,0.17847401,0.18860854,0.16213079,0.17224939,0.15530759,0.18680514,0.15590607,0.18847688,0.1604633,0.14069425,0.15869302,0.13900173,0.17631857,0.15243304,0.16611247,0.17123629,0.17973134,0.19147108,0.17408144,0.16368023,0.15431206,0.15557182,0.16445486,0.14412582,0.17146383,0.165008,0.16370207,0.1516862,0.16025952,0.14775419,0.13682643,0.16499944,0.1602566,0.17327075,0.16254994,0.1568833,0.18350227,0.14698267,0.17546943,0.17154606,0.15251482,0.16984975,0.16963473,0.15455054,0.1625291,0.14787301,0.14169538,0.156633,0.15318489,0.16624561,0.16655481,0.16417874,0.15920249,0.16069257,0.16133115,0.15742788,0.1571217,0.17277269,0.16880587,0.16326816,0.1639778,0.16950099,0.154378,0.15910862,0.1633918,0.18243231,0.17063771,0.18817617,0.14698736,0.1689471,0.17088191,0.18262726,0.1863813,0.1799294,0.16292481,0.17258018,0.18311167,0.15198307,0.17889005,0.16315444,0.15781307,0.17147718,0.16033,0.19330564,0.18567744,0.16283762,0.16170312,0.15552787,0.15175833,0.14300214,0.15257776,0.17511784,0.1618789,0.15579075,0.16796349,0.15201125,0.17123698,0.1605208,0.16060404,0.14565477,0.16616768,0.16425349,0.17841761,0.15398306,0.17979866,0.14097361,0.14976332,0.15756725,0.15526927,0.17652622,0.18646939,0.17753929,0.18287131,0.19060689,0.1647392,0.18333018,0.16674958,0.16441473,0.1695537,0.14940482,0.14924851,0.15635015,0.1489598,0.15655193,0.1734555,0.17452063,0.17441306,0.18942282,0.18350661,0.18437718,0.17139934,0.19639137,0.1499344,0.14980914,0.16830264,0.13887578,0.15432176,0.15888606,0.18321499,0.1947508
TCF7L2,0.17301667,0.15777606,0.16750804,0.16670452,0.15603882,0.16445267,0.17319584,0.14923935,0.16187444,0.15513314,0.15364695,0.17923112,0.14724506,0.16902909,0.18676771,0.17516606,0.16907063,0.15737985,0.17020074,0.15058617,0.18920787,0.15246552,0.16395134,0.17940505,0.15989175,0.17110111,0.17048983,0.1467936,0.15901433,0.16000198,0.16310596,0.15979911,0.18015032,0.17467964,0.15356877,0.14954077,0.1532514,0.17002681,0.18371272,0.16485251,0.16382489,0.1844072,0.16194817,0.16538623,0.14779083,0.15977813,0.16942202,0.15888673,0.15632391,0.15391788,0.16479015,0.15574576,0.1489546,0.17477952,0.1808085,0.14567141,0.15186355,0.17152165,0.1872273,0.14437819,0.184702,0.17685707,0.1793664,0.15964392,0.1656004,0.17778176,0.15303656,0.14430737,0.17611611,0.1842764,0.17053251,0.15672411,0.1642918,0.1836294,0.18989368,0.15317902,0.18482961,0.17726488,0.16400409,0.15285484,0.17144579,0.16806887,0.18082383,0.17273962,0.17701046,0.15393597,0.19372196,0.17350352,0.15909356,0.12957515,0.17397979,0.19158748,0.14535053,0.17389862,0.15107338,0.16710974,0.17596269,0.15946646,0.15702683,0.17132713,0.192383,0.17983313,0.19318356,0.17646556,0.1698037,0.18410374,0.19152856,0.18125226,0.16612045,0.1649651,0.16678959,0.1556339,0.1594242,0.15631461,0.16873795,0.16693074,0.17087813,0.14388765,0.15193956,0.1596783,0.1680548,0.16073905,0.13094339,0.17624639,0.16402817,0.16532832,0.1925234,0.16521634,0.17680265,0.15958539,0.1864061,0.1756195,0.17502385,0.1641261,0.18270025,0.17708649,0.1609079,0.14931086,0.16118623,0.20881686,0.16294362,0.17666589,0.16170321,0.16034018,0.16460691,0.16011941,0.14714225,0.14380755,0.1679501,0.17190352
TEAD1,0.16708452,0.16444555,0.16291946,0.1584265,0.16535959,0.153458,0.16698194,0.14482923,0.17539142,0.17004676,0.15928721,0.19099963,0.13794301,0.17611802,0.18339734,0.17497863,0.16179062,0.13206534,0.20151919,0.16106609,0.15892652,0.17141019,0.15771414,0.18600994,0.1923864,0.1775449,0.1495022,0.16002218,0.16603076,0.16409218,0.16383587,0.19280669,0.13948505,0.16185099,0.17157204,0.18499112,0.15179922,0.17832886,0.15515889,0.17654532,0.13636759,0.17242831,0.17339915,0.17864524,0.17674063,0.17670478,0.17873012,0.17812493,0.15691726,0.20600468,0.14363325,0.15122804,0.1540199,0.17720006,0.15947826,0.17716289,0.17447516,0.17888738,0.16856745,0.16922651,0.18003584,0.14192565,0.15629789,0.1621764,0.16486093,0.16909753,0.17115721,0.15468036,0.1613768,0.16939904,0.13109231,0.17175175,0.17351614,0.13297017,0.17050597,0.18490408,0.17666271,0.17463629,0.1522111,0.1677007,0.17502537,0.1765747,0.16962644,0.1676061,0.17974801,0.18540908,0.18000361,0.18633437,0.17930183,0.1813742,0.16706905,0.15957808,0.17382771,0.1705842,0.16328023,0.1634595,0.16543481,0.16557777,0.17150791,0.16989547,0.1624945,0.17223716,0.13470629,0.15469228,0.158234,0.16568665,0.17776507,0.15063143,0.17389873,0.17058332,0.12433446,0.15203597,0.17351043,0.180481,0.15630399,0.16068114,0.16283178,0.1626655,0.16310124,0.1773643,0.1617609,0.15765816,0.17006058,0.18462114,0.18856932,0.17693564,0.15993416,0.15067323,0.16991423,0.17285965,0.18254432,0.15245318,0.17724673,0.20019312,0.17144069,0.16750287,0.16366887,0.15186037,0.16675518,0.16866332,0.17611007,0.1649356,0.15953144,0.17794633,0.16919935,0.1712788,0.15677771,0.15885714,0.15504381,0.17336129
TEAD4,0.17077717,0.1713025,0.16303216,0.17558092,0.14632793,0.12489911,0.17079687,0.16941465,0.17826591,0.17882565,0.17971203,0.16642985,0.16576296,0.13647671,0.18562286,0.16526173,0.1548079,0.1462301,0.14288674,0.15423565,0.15517984,0.1381145,0.16649237,0.16966814,0.1641929,0.1391831,0.17037751,0.13717571,0.19010456,0.18583995,0.19862098,0.15678266,0.15534279,0.18788461,0.17315899,0.1778572,0.14764313,0.17316781,0.1794109,0.19390675,0.15779011,0.16887465,0.16374075,0.13229793,0.182338,0.15114601,0.17222938,0.18256545,0.14884901,0.16393,0.15282226,0.15615502,0.1924453,0.1503563,0.18717061,0.18284059,0.15455115,0.17046386,0.18879546,0.15707767,0.14804076,0.15299246,0.1598623,0.12322582,0.16087286,0.15511413,0.18484089,0.18493693,0.16317323,0.15805916,0.15262246,0.16788518,0.17220299,0.17233498,0.1673262,0.16906472,0.15828182,0.1577782,0.17602232,0.16029796,0.16437176,0.16816816,0.18014345,0.1553444,0.16987804,0.1744248,0.15740071,0.15486269,0.16615568,0.16463202,0.16083309,0.16294828,0.1373537,0.16932969,0.17436275,0.17072216,0.17331746,0.18441242,0.18748488,0.17391738,0.15970993,0.16907902,0.17565127,0.14338988,0.16724017,0.15904611,0.1726425,0.17229992,0.17437838,0.17925313,0.15350005,0.1690637,0.15955976,0.16448192,0.14180115,0.15813349,0.16854626,0.14847477,0.1640965,0.1880981,0.17017858,0.15558404,0.17850685,0.17478086,0.17148364,0.17377093,0.15370037,0.15382406,0.17020626,0.18446112,0.1655824,0.1758176,0.17469905,0.15722638,0.16340436,0.17771223,0.16605972,0.16853176,0.1562282,0.15756154,0.17204094,0.1696188,0.18316846,0.18117817,0.18250065,0.18635249,0.14576492,0.15921226,0.13440894,0.16495416
TP53,0.15181354,0.15594181,0.17562468,0.17973037,0.18292943,0.17094055,0.1768839,0.18260609,0.1573877,0.15433694,0.17861499,0.17308854,0.17301677,0.17928249,0.19212836,0.16355754,0.18098189,0.14985064,0.17928562,0.17719072,0.18609363,0.16791017,0.15646844,0.17901617,0.16302034,0.16461055,0.1515521,0.14137897,0.15706138,0.17253993,0.14783707,0.14739363,0.17699459,0.16801362,0.16376752,0.15496369,0.15449144,0.17543873,0.16924775,0.16507939,0.15266035,0.1584931,0.15612847,0.17754835,0.15729658,0.17072643,0.17103444,0.16855775,0.15542676,0.14874001,0.14256069,0.17152525,0.16481403,0.15470207,0.17167044,0.15398037,0.16177663,0.17645593,0.15066062,0.20153739,0.16285169,0.19067515,0.15660666,0.15741462,0.16797334,0.16252756,0.16730694,0.17459415,0.15965372,0.14437936,0.14787512,0.16155525,0.16968985,0.19244832,0.18858612,0.16135262,0.17666462,0.16872367,0.18525955,0.1661744,0.15544544,0.15787753,0.16240153,0.17347434,0.1570191,0.15695894,0.17047288,0.17693017,0.17666492,0.16678372,0.18577723,0.19569145,0.16708025,0.15722376,0.15541245,0.15879375,0.17014104,0.19030035,0.15967639,0.1506765,0.1672694,0.15482275,0.15613554,0.16332497,0.15589362,0.14603113,0.14115977,0.1533505,0.19019361,0.1770008,0.15433683,0.13733324,0.17212467,0.16223148,0.16862532,0.17390305,0.17511894,0.1605479,0.14728616,0.1388224,0.16001749,0.1486775,0.16759813,0.16234508,0.15500689,0.17396243,0.16613925,0.1728038,0.16712093,0.1726484,0.15111868,0.18654893,0.16354252,0.16734198,0.16547006,0.17478415,0.17299807,0.17093977,0.15038027,0.16917416,0.14056504,0.18047288,0.20444837,0.17678809,0.16918626,0.16835395,0.18111344,0.19228153,0.1584711,0.16100922
YAP1,0.17745204,0.14385672,0.13898869,0.15522249,0.16878746,0.1620422,0.16697077,0.17096004,0.16808273,0.18324234,0.14698865,0.15179795,0.13639645,0.16293536,0.18689375,0.18298355,0.15060869,0.16526233,0.1625569,0.17342812,0.161983,0.15268344,0.15154968,0.17063579,0.1768883,0.18357797,0.17731327,0.15064448,0.18092829,0.16212106,0.18853259,0.16540119,0.15873654,0.15904616,0.15266971,0.1536538,0.16594788,0.16838145,0.15201397,0.15606682,0.1500363,0.13816178,0.18965502,0.18222855,0.1711722,0.15649204,0.14783429,0.15837745,0.1659112,0.16179915,0.14637087,0.1416076,0.17507905,0.18015897,0.17087549,0.16871959,0.15238434,0.15210977,0.13418974,0.13752343,0.16555578,0.18069665,0.16705905,0.16286883,0.18844967,0.17806621,0.18297532,0.16619079,0.17014383,0.15910421,0.1702967,0.18554662,0.16441043,0.15481241,0.15982552,0.18687238,0.16079627,0.16367008,0.14730148,0.16984038,0.17020835,0.19337754,0.16848154,0.15822177,0.1655153,0.16268602,0.1655848,0.16984256,0.17634358,0.14186554,0.15905975,0.17377703,0.15677977,0.17030288,0.17563348,0.16850601,0.15098913,0.15481085,0.16116267,0.14564939,0.14225742,0.1604258,0.16396138,0.15434942,0.16714168,0.15094808,0.16264594,0.15906449,0.16052626,0.1856294,0.1588535,0.18145551,0.17053095,0.17684235,0.1725474,0.17103295,0.17709056,0.15411967,0.17000154,0.18198037,0.17394392,0.1482828,0.17005503,0.15357317,0.18475565,0.15874742,0.16968428,0.1584409,0.17249516,0.14877945,0.16881312,0.19730094,0.15975402,0.17030388,0.15684652,0.16955368,0.16282721,0.18006064,0.17416225,0.16651087,0.16369383,0.16937435,0.16439135,0.13152327,0.20397016,0.16361034,0.16878612,0.16799179,0.1596711,0.1597361
